# Temperature (K),delta_v_33/v_33
0.3617,-0.0
0.3618,6.572118151165844e-07
0.362,1.2741962610523063e-06
0.3622,-8.808006761230235e-07
0.3625,-5.820324999036901e-07
0.3628,3.897379605123587e-07
0.3632,1.8893379350140598e-06
0.3638,1.8578074361933926e-06
0.3642,8.745378475626489e-07
0.3647,1.4023359725536357e-06
0.3654,-4.2380477832409285e-07
0.366,5.861133385606614e-07
0.3666,-2.2658663456860196e-06
0.3673,2.1968458608719228e-07
0.3682,5.12976674073469e-07
0.3689,3.1218258141474246e-07
0.3697,-8.692685565582254e-08
0.3704,-1.208674481922739e-06
0.3714,2.1089426644630772e-07
0.3722,-2.1792469162408112e-07
0.373,3.600752792719958e-08
0.3739,6.637309133702914e-07
0.375,1.4220749522920952e-07
0.3759,1.2078629264874585e-06
0.3767,1.112453011847109e-06
0.3776,2.23218415049882e-07
0.3785,-1.0470486662814458e-06
0.3786,1.1812909892041555e-06
0.3796,-6.840770128860947e-07
0.3804,3.272088233597124e-07
0.3809,1.2678247319950045e-06
0.3812,-2.4111127816814424e-07
0.3819,1.381952398179167e-06
0.3824,4.7402274903547996e-07
0.3829,9.656237963368794e-07
0.3837,1.080178250260848e-06
0.3843,6.08556300653036e-08
0.3848,7.225524645681499e-07
0.3849,-8.053532899734376e-07
0.3857,9.154916896414223e-07
0.386,1.2368442191985354e-07
0.3862,2.1648541362465686e-06
0.3867,1.3590932453686865e-06
0.3871,2.813589837249357e-06
0.3872,4.093628091876567e-07
0.3876,7.447215607030383e-07
0.3878,1.5266564213958214e-06
0.3879,-2.2439189593213165e-07
0.388,2.3962727609184883e-06
0.3881,2.0841765418469667e-07
0.3882,1.379812672610821e-06
0.3883,-4.116296068975352e-07
0.4228,1.1158874285644495e-06
0.4247,1.7645581154800388e-07
0.4266,2.407926808066293e-06
0.4292,1.1365712368576722e-06
0.431,6.304659564223034e-07
0.4335,2.2836219562243478e-06
0.4353,2.2258899910855757e-06
0.4371,1.125677192679591e-06
0.4388,1.3552387526289983e-06
0.4405,1.0289477527018845e-06
0.4427,5.989541468105216e-07
0.4443,1.5635982445802427e-06
0.4459,4.834977408033823e-07
0.4475,4.3929247505119053e-07
0.4495,1.8738719052272446e-06
0.451,2.2215546274067773e-06
0.4524,3.3807350813452517e-07
0.4543,1.8328551392282329e-06
0.4558,1.4090902890807633e-06
0.4572,2.4057045191858844e-06
0.459,6.714371524926929e-07
0.4604,1.0435825119516892e-06
0.4621,1.8237056655503932e-06
0.4634,2.763033617183934e-06
0.4647,6.240207550118037e-07
0.4664,1.7530698226676079e-06
0.4676,1.159979673855284e-06
0.4692,1.956113762943462e-06
0.4704,1.1548356918372467e-06
0.4716,2.571182097837934e-06
0.4731,2.16693915644019e-06
0.4743,1.0045841868096234e-06
0.4754,2.2545057283106246e-06
0.4769,5.686089892391354e-07
0.4781,8.013532968249496e-07
0.4792,2.0034668551745287e-06
0.4803,7.757770884012414e-07
0.4817,1.699271786591251e-06
0.4828,1.0549012368084011e-06
0.4839,9.875672765771894e-07
0.485,7.349498646660855e-07
0.4861,-2.783356384135734e-07
0.4875,-9.19796692361248e-08
0.4886,2.931413335804185e-06
0.4896,-1.7855375026471518e-07
0.4907,1.5514660522101425e-06
0.4921,4.558951307459693e-07
0.4932,-3.886453832585915e-08
0.4942,3.3726742218761856e-07
0.4957,6.461985633414083e-07
0.4967,9.02762659681257e-07
0.4978,1.1761928163519185e-06
0.4989,6.788838005606317e-07
0.5003,1.5157317021438903e-06
0.5014,2.6256252610128833e-06
0.5025,2.0656074847166117e-06
0.5039,1.5911913603711716e-06
0.505,2.0542697785533016e-06
0.5061,1.2398020906603352e-06
0.5072,-5.165292372693312e-07
0.5087,-8.41663464662076e-07
0.5098,-9.975826250202275e-07
0.5109,3.473404705452187e-07
0.5124,3.857131799285692e-07
0.5135,9.082913935747278e-07
0.5146,-1.461010961632689e-07
0.5157,-5.112412982137733e-07
0.5172,1.944772167094324e-06
0.5184,2.383745311201977e-06
0.5195,2.5064757326973014e-06
0.5207,2.4547444921564144e-06
0.5222,3.65438211252618e-07
0.5233,1.0015700593370418e-06
0.5245,2.1876394025414637e-06
0.5257,1.2456059807261212e-06
0.5269,1.0887848857013956e-06
0.5285,1.5740575476844544e-06
0.53,2.764131559187741e-07
0.5311,1.106534270519223e-06
0.5323,1.9085748339720714e-06
0.5335,1.5016005682539529e-06
0.5352,-1.8991307542487402e-07
0.5363,1.4720147070523912e-06
0.5376,1.1056832013908301e-06
0.5388,2.081627553833222e-06
0.5404,2.3922880597310707e-06
0.5416,8.519881802813864e-07
0.5433,2.0850814745434657e-06
0.5445,1.8059871614632775e-06
0.5456,1.5682241458899685e-06
0.5469,7.45429353300167e-07
0.5485,2.407326012197035e-07
0.5498,4.2510486743452995e-07
0.5514,1.5173887753335333e-06
0.5527,1.2264517531405294e-06
0.5539,2.0900273970332254e-06
0.5551,1.4109066928739403e-06
0.5568,9.645719295526807e-08
0.5581,2.3209887511509326e-07
0.5592,-2.262116286826034e-07
0.5606,7.026143604203056e-07
0.5618,1.5264225345393246e-06
0.5635,1.1260236770441873e-06
0.5647,2.049224120149814e-06
0.566,1.7838713486568628e-06
0.5673,9.969814301761707e-07
0.569,1.2530260198432316e-06
0.5706,2.659494983415505e-06
0.5719,1.7349559537017576e-06
0.5732,2.7919467082297754e-06
0.5744,1.3361071405975028e-06
0.5757,1.2998524039044214e-06
0.5774,1.4730652927622359e-06
0.579,2.2460233827409663e-06
0.5802,2.356708892675222e-06
0.5815,1.5292551404375503e-06
0.5827,2.8974412762687362e-06
0.5844,2.4517344432473153e-06
0.5857,2.0216604751537622e-06
0.5869,1.3067920784441927e-06
0.5882,1.6015569728896982e-06
0.5899,1.7183074695071703e-06
0.5911,6.478566752277814e-07
0.5923,2.819292735840669e-06
0.5935,3.5093658969440468e-06
0.5952,1.7088055082920033e-06
0.5964,2.7460218432993357e-06
0.5977,1.7438013881578333e-06
0.5989,1.1269762783895133e-06
0.6001,1.3973043187630335e-06
0.6018,2.756590509367179e-06
0.6031,1.091143425070601e-06
0.6043,2.3469922218218703e-06
0.6055,2.836642667362142e-06
0.6071,1.7514347217184795e-06
0.6084,1.5931803201206887e-06
0.6097,-1.0660909479970511e-08
0.6109,6.672873727173639e-07
0.6125,1.3962807269684706e-06
0.6138,2.1392193279952333e-06
0.615,3.1779644256466435e-06
0.6162,1.4182268273612073e-06
0.6174,1.584069904393096e-06
0.6191,3.1559129634223834e-06
0.6203,2.0253876214799255e-06
0.6215,1.880179031592437e-06
0.6227,2.845035697703505e-06
0.6243,1.925859917209521e-06
0.6255,2.295457112321076e-06
0.6267,2.5560240359792554e-06
0.6283,3.589319253100609e-06
0.6295,2.288380753071503e-06
0.6307,2.6951604365501133e-06
0.632,3.065017296971674e-06
0.6335,2.5142570958447728e-06
0.6348,3.387596417551292e-06
0.636,2.7388204150680616e-06
0.6372,1.1713339764318027e-06
0.6388,1.0214207487937185e-06
0.64,2.9013803292844692e-06
0.6413,1.7266122270166994e-06
0.6425,3.0043522952821397e-06
0.644,2.9020211767669037e-06
0.6452,2.3939575769703564e-06
0.6464,2.412302423967979e-06
0.6477,2.2893898944396012e-06
0.6493,2.0904299558718246e-06
0.6505,9.806075880786118e-07
0.6517,1.3833574872083979e-06
0.6529,2.668101223602209e-06
0.6545,4.424109166045422e-06
0.6558,4.247333108403588e-06
0.657,4.04140869189826e-06
0.6587,2.6908178390624803e-06
0.6598,3.735258059869498e-06
0.661,3.6384160615283913e-06
0.6627,3.492236381102883e-06
0.6639,3.1396735836038635e-06
0.6651,3.6040425213797157e-06
0.6667,3.5029204487754616e-06
0.6679,4.34433813526722e-06
0.6696,3.8068751284507006e-06
0.6708,4.327830349453422e-06
0.6725,2.202207503099776e-06
0.6737,2.0827900961313946e-06
0.6748,3.633980350415509e-06
0.6765,2.708670307682124e-06
0.6777,3.971142509307706e-06
0.6788,4.358144555205738e-06
0.68,2.6953184902038285e-06
0.6817,3.4069272272024766e-06
0.6829,3.3709360827726597e-06
0.6841,3.0937139683827797e-06
0.6857,3.1456308894675915e-06
0.6869,2.3972769270406633e-06
0.6882,3.3741927177159296e-06
0.6894,1.7918365101942128e-06
0.691,4.240076807657036e-06
0.6922,4.126545547127934e-06
0.6938,3.7470643482400914e-06
0.695,2.64025561123994e-06
0.6963,1.4965080216370333e-06
0.6975,3.515108735687971e-06
0.6991,2.3127613586042554e-06
0.7007,4.875248372421693e-06
0.702,5.173214157974177e-06
0.7032,5.263748454717955e-06
0.7045,4.662485221547055e-06
0.7061,5.315193529120002e-06
0.7073,4.2892476725654255e-06
0.7089,2.676071636773661e-06
0.7101,5.310291958457656e-06
0.7114,5.387266597208049e-06
0.7126,3.818696872398406e-06
0.7142,3.4350643759069186e-06
0.7154,3.1125691282916473e-06
0.7167,2.565426812359625e-06
0.7179,1.7885730187858402e-06
0.7195,2.5974087553833845e-06
0.7207,2.3436392982254835e-06
0.7219,2.969577489242683e-06
0.7231,2.8227805305562387e-06
0.7247,3.9268600053582984e-06
0.7259,3.432187161385474e-06
0.7271,3.285392339241668e-06
0.7282,3.2749937931374597e-06
0.7298,3.7883123316220302e-06
0.7311,2.72221041951839e-06
0.7323,2.478991475988535e-06
0.7335,2.842708539072558e-06
0.7351,4.088362227437273e-06
0.7364,5.502770158833547e-06
0.7375,4.599601577084277e-06
0.7387,3.234525704011725e-06
0.7403,3.532561034376338e-06
0.7415,4.2163016993220615e-06
0.7427,3.894555816703278e-06
0.7439,4.938092981406238e-06
0.7456,2.321287502480543e-06
0.7472,4.150059353276735e-06
0.7483,4.291900575053255e-06
0.7495,2.524446049564951e-06
0.7507,3.4308040591154174e-06
0.7524,3.6750682802195534e-06
0.7536,3.2337675844771e-06
0.7548,4.87476660400141e-06
0.7565,2.557146853557346e-06
0.7577,3.643858545275582e-06
0.7589,5.706848869084687e-06
0.7601,4.695862028604106e-06
0.7616,3.7711128674408184e-06
0.7629,3.2435955202433437e-06
0.7641,3.7672091213670393e-06
0.7653,5.33815425515678e-06
0.7669,3.6210084585239997e-06
0.7686,3.595963545395092e-06
0.7698,5.2787531385325764e-06
0.7714,3.91932280723682e-06
0.7726,3.2661638794413814e-06
0.7738,4.488555769153777e-06
0.7755,3.4468714962929988e-06
0.7767,4.3652309398432745e-06
0.7779,3.91304154803811e-06
0.7791,4.67133813141738e-06
0.7807,3.116115594842836e-06
0.7819,5.226089603825438e-06
0.7831,3.796708510519638e-06
0.7846,5.290165278582241e-06
0.7858,4.434303307776822e-06
0.787,4.194477881438896e-06
0.7883,3.4099744625997716e-06
0.7899,3.791225726165466e-06
0.791,4.461875848183974e-06
0.7922,2.8010889069151034e-06
0.7934,4.957693862224621e-06
0.7951,6.318199068046203e-06
0.7963,7.6063764542274725e-06
0.7979,5.8004284893493815e-06
0.7991,6.601415446067928e-06
0.8003,5.542152434762792e-06
0.8015,5.1969203942509354e-06
0.8031,4.349539910660961e-06
0.8043,4.772059717774699e-06
0.8055,4.994327576289783e-06
0.8068,5.216444065350584e-06
0.8084,5.1986299804730344e-06
0.8096,5.093407169088119e-06
0.8107,5.05646636494246e-06
0.8119,4.939350088206039e-06
0.8132,4.421411697994425e-06
0.8149,3.990349571784152e-06
0.816,4.746040969111768e-06
0.8172,5.703712170455322e-06
0.8184,5.126484503648767e-06
0.82,5.595662623232152e-06
0.8216,5.42572632102864e-06
0.8228,5.8370639017001394e-06
0.824,5.442369906388418e-06
0.8252,4.828060485983655e-06
0.8269,6.416967830739123e-06
0.8281,5.1200486143862306e-06
0.8294,4.887194892913083e-06
0.8305,4.633343681881627e-06
0.8317,3.911550462685359e-06
0.8333,5.330044370726065e-06
0.8345,4.284907734896772e-06
0.8357,5.160728178128877e-06
0.837,4.750698225578572e-06
0.8386,5.508861703704568e-06
0.8397,5.000615418608855e-06
0.841,4.850704103875894e-06
0.8422,5.442404056933331e-06
0.8434,6.2634339904197504e-06
0.845,5.508219589772068e-06
0.8463,5.812271927322583e-06
0.8475,5.427401086549418e-06
0.8491,6.511193078233976e-06
0.8503,7.1350923755860135e-06
0.8515,5.314817903405455e-06
0.8527,5.076847354363844e-06
0.8544,5.548260888358519e-06
0.8556,5.52018799764832e-06
0.8571,6.140077092124072e-06
0.8584,6.374919904606296e-06
0.8596,7.663291561135123e-06
0.8608,6.200910364460507e-06
0.8621,4.777216908219412e-06
0.8637,5.984860334899678e-06
0.8649,5.610868666030812e-06
0.8662,5.911169343930512e-06
0.8679,6.365264225688662e-06
0.8691,4.766303978096683e-06
0.8703,4.586828518207667e-06
0.8715,5.938251446860562e-06
0.8727,7.242890606275749e-06
0.8742,7.010014064518243e-06
0.8754,5.470100187550842e-06
0.8766,6.420790111913487e-06
0.8778,5.05382294223372e-06
0.879,4.9189188123375025e-06
0.8806,5.468336538437874e-06
0.8818,6.058162239291041e-06
0.8834,4.766980620288098e-06
0.8847,5.502537195072201e-06
0.8859,5.777813924612085e-06
0.8871,5.5892558764361996e-06
0.8886,4.383164042807389e-06
0.8899,6.431794786622658e-06
0.8911,6.5833732159438415e-06
0.8927,6.298432728819628e-06
0.8939,5.395404208701366e-06
0.8952,6.9143170944175995e-06
0.8967,6.242468414195736e-06
0.8979,6.217501779980873e-06
0.8991,5.599440906256856e-06
0.9003,4.225947229952835e-06
0.9015,4.161780766802844e-06
0.9031,6.949604609979084e-06
0.9043,6.471600254881403e-06
0.9055,7.860548728991115e-06
0.9067,6.932687619517878e-06
0.9083,6.935714918367142e-06
0.9094,4.8040539705102475e-06
0.9107,6.518109900535579e-06
0.9123,5.663309183157189e-06
0.9135,6.841436117187974e-06
0.9147,6.090760956257849e-06
0.9162,5.264083669304418e-06
0.9174,6.424739199153878e-06
0.9186,6.495852160380466e-06
0.9198,4.866681401116755e-06
0.9214,4.372676612415338e-06
0.9227,4.884097718621961e-06
0.9238,6.14802542167267e-06
0.925,6.447783666988345e-06
0.9261,6.9817828457908435e-06
0.9277,5.717517740820742e-06
0.929,5.486971473028806e-06
0.9305,6.682767734616008e-06
0.9317,5.4381746397296095e-06
0.933,6.11523777263885e-06
0.9342,5.309385525018105e-06
0.9354,7.01803722947236e-06
0.937,7.2544670899870315e-06
0.9382,6.51658816256515e-06
0.9394,6.12600737525476e-06
0.9407,7.122314717189325e-06
0.9423,5.158112603920065e-06
0.9435,6.155872732712295e-06
0.9446,6.307255214035309e-06
0.9459,5.6076865898390624e-06
0.9471,5.602164007161847e-06
0.9487,4.626045958945748e-06
0.9499,5.360788656010726e-06
0.9511,4.784759317888107e-06
0.9523,5.6294129915968635e-06
0.9539,5.5323085872613625e-06
0.9551,6.287580199877484e-06
0.9564,5.346050373637918e-06
0.958,5.546071205669064e-06
0.9592,6.5638732432194726e-06
0.9604,7.674609374599915e-06
0.9616,7.0594265993529715e-06
0.9632,5.243968350548731e-06
0.9644,7.543260810422825e-06
0.9657,5.9196240974761135e-06
0.9669,5.731597163512449e-06
0.9684,6.633388636104271e-06
0.9696,4.487509949725147e-06
0.9712,6.0501000892373925e-06
0.9726,7.253804225593096e-06
0.9737,6.108222289105339e-06
0.975,6.420055322954872e-06
0.9762,6.007812333247176e-06
0.9779,6.3166251910273645e-06
0.9791,6.529430898835796e-06
0.9803,7.848899460632911e-06
0.982,8.43759830118369e-06
0.9832,4.510259204290609e-06
0.9845,5.581945552670273e-06
0.9862,5.593630326882471e-06
0.9874,4.578528371582688e-06
0.9885,7.0415454155510775e-06
0.9898,7.5701755010178494e-06
0.9914,7.647917918486314e-06
0.9927,9.06169657396584e-06
0.9939,7.630642069278163e-06
0.9955,5.921474095497913e-06
0.9968,5.574993175643734e-06
0.998,6.438407936248876e-06
0.9992,8.24844920129135e-06
1.0009,7.463598090495945e-06
1.0021,5.826749984140487e-06
1.0032,5.262153970688851e-06
1.0045,7.264378834276981e-06
1.0062,7.557527545037259e-06
1.0073,4.6925603835413436e-06
1.0085,5.8366351338899695e-06
1.0102,6.153878117391606e-06
1.0114,7.211685394878327e-06
1.0127,6.588373562862906e-06
1.0139,6.8811210051265365e-06
1.0154,5.317555081727087e-06
1.0166,6.723440962400881e-06
1.0178,6.2951938541529515e-06
1.0191,5.980670418088402e-06
1.0207,5.577160794329733e-06
1.0223,6.281272676665254e-06
1.0235,5.787454053178483e-06
1.0251,6.274901264983489e-06
1.0263,7.194607775753756e-06
1.0276,7.711599985229652e-06
1.0287,8.524305532122634e-06
1.0303,7.342168581701033e-06
1.0315,6.840413017721432e-06
1.0327,6.159533740780448e-06
1.0339,5.535839713862118e-06
1.0351,6.956143780377353e-06
1.0367,5.79742543551883e-06
1.0379,7.538177705963234e-06
1.0391,6.571387959547167e-06
1.0402,6.253921248006126e-06
1.0419,5.976112393431406e-06
1.0431,8.610556094475332e-06
1.0443,6.900857445711525e-06
1.0454,8.013568738653577e-06
1.0469,7.951951464719612e-06
1.0481,7.869485308635308e-06
1.0493,7.012448650811211e-06
1.0506,6.482761155435796e-06
1.0518,5.4421592579256606e-06
1.0533,7.149681274139677e-06
1.0546,7.740383885134906e-06
1.0558,7.721084352608343e-06
1.057,6.190453288671877e-06
1.0582,6.782572276102947e-06
1.0598,7.26415995715225e-06
1.061,7.093498971610498e-06
1.0621,6.3987010454750505e-06
1.0633,6.373615396264141e-06
1.0649,6.489494377476279e-06
1.0661,6.941680050389699e-06
1.0673,8.24278896053405e-06
1.0685,8.36100010653896e-06
1.0697,7.05638461834269e-06
1.0713,6.1917420918493376e-06
1.0725,5.83553511974161e-06
1.0737,7.981416232401617e-06
1.0749,6.157957486691213e-06
1.0765,5.903998207404512e-06
1.0777,5.5307789987856805e-06
1.0789,7.243658214926003e-06
1.08,7.480381404667455e-06
1.0813,8.022486478368357e-06
1.0829,7.986369341340092e-06
1.0841,7.000246224251648e-06
1.0853,6.914787550603381e-06
1.0866,7.551416624417863e-06
1.0882,8.18735885408029e-06
1.0894,9.69534948645381e-06
1.0906,8.401749180644838e-06
1.0917,7.6223490198804635e-06
1.0934,8.636322800158202e-06
1.0946,7.339639959570138e-06
1.0958,8.533665272455419e-06
1.097,6.988393974316747e-06
1.0986,7.659523309630928e-06
1.0998,9.216990940247625e-06
1.101,9.369561915213305e-06
1.1022,8.057707305884483e-06
1.1038,8.083592949169484e-06
1.105,8.495987647337956e-06
1.1062,8.080681955994771e-06
1.1073,8.10683605890999e-06
1.109,7.4658373580974765e-06
1.1102,6.664497339503377e-06
1.1115,6.764704930870978e-06
1.1127,7.488835413224838e-06
1.1143,7.01386321504672e-06
1.1154,7.420774937984652e-06
1.1167,7.958909058216392e-06
1.1179,7.457271003272442e-06
1.1195,7.128758960327951e-06
1.1208,5.827127161652719e-06
1.122,7.841797872002349e-06
1.1232,7.279365469241021e-06
1.1248,6.149631023526412e-06
1.126,7.042099594781293e-06
1.1272,6.007481844359861e-06
1.1288,8.677323103116919e-06
1.13,8.419061208772997e-06
1.1312,8.992383635953284e-06
1.1324,8.886458044984804e-06
1.134,7.740104616140787e-06
1.1353,9.234355979841402e-06
1.1365,8.01197658236771e-06
1.1378,7.714313430688617e-06
1.1394,6.5943268767557094e-06
1.1406,5.964210807759906e-06
1.1417,7.641378414516753e-06
1.1429,7.729083290268623e-06
1.1445,7.752568442538215e-06
1.1458,7.947543981679496e-06
1.1471,6.870340066882132e-06
1.1483,5.561293912070879e-06
1.1496,6.245987971623083e-06
1.1511,8.452279054953996e-06
1.1524,8.359293527347047e-06
1.1536,6.462099023945612e-06
1.1549,8.707388344109484e-06
1.1565,8.751276408761884e-06
1.1577,8.105871708664756e-06
1.1589,8.659291358968703e-06
1.1601,7.660896640380939e-06
1.1613,7.790607172798223e-06
1.1629,7.000146100313807e-06
1.1641,8.78160046917835e-06
1.1653,7.547650756804293e-06
1.1669,8.327944765854135e-06
1.1682,7.939220189107351e-06
1.1694,8.437470594883185e-06
1.1706,9.293563539446953e-06
1.1722,8.168228071121065e-06
1.1733,9.199503537317478e-06
1.1746,8.603060646998734e-06
1.1758,1.06207175119625e-05
1.1773,9.261566303109527e-06
1.1785,9.521899150216053e-06
1.1798,8.47358544735551e-06
1.1811,9.226563398402919e-06
1.1826,7.628571755351535e-06
1.1838,7.94363311891526e-06
1.185,7.014580563684147e-06
1.1862,7.804148062177341e-06
1.1879,8.114299811693847e-06
1.1892,6.954403321151421e-06
1.1904,8.556491863276363e-06
1.1919,9.665817961315837e-06
1.1931,8.011165794212765e-06
1.1944,7.820567118158305e-06
1.1957,8.68710969262092e-06
1.1973,8.751131255308785e-06
1.1984,8.240577591692779e-06
1.1995,7.94845207044675e-06
1.2007,6.95377225411695e-06
1.2024,8.004653656502528e-06
1.2036,8.36288726936086e-06
1.2048,9.42651003182671e-06
1.2065,8.495282955770216e-06
1.2076,7.786860364565666e-06
1.2088,9.012821719628526e-06
1.21,6.6768639588384325e-06
1.2113,8.376977140032153e-06
1.2129,6.961583259941582e-06
1.2141,5.749544615323368e-06
1.2153,7.757811493599924e-06
1.2164,7.533155656565515e-06
1.2181,6.908504012850819e-06
1.2193,8.183070614283219e-06
1.2205,7.053161635340856e-06
1.2217,6.652481564107035e-06
1.2233,6.513977632123961e-06
1.2244,6.722455895885395e-06
1.2256,6.787007620013806e-06
1.2272,8.592047185923817e-06
1.2285,7.489899094769483e-06
1.2301,8.505213696314524e-06
1.2313,8.033550577403489e-06
1.2326,9.27054642733125e-06
1.2337,8.628734229886023e-06
1.2348,8.19110662539954e-06
1.2364,6.4053535109855845e-06
1.2376,8.880840250421212e-06
1.2389,7.528524454758213e-06
1.24,7.873691115703509e-06
1.2412,6.5431557618704375e-06
1.2427,6.244028067485134e-06
1.244,7.1692248400799025e-06
1.2452,7.552637253720385e-06
1.2465,7.973929662330516e-06
1.2481,7.847112271665036e-06
1.2493,8.126402511843595e-06
1.2504,7.805141065695675e-06
1.2517,6.637819004254197e-06
1.2529,7.93914247038005e-06
1.2546,8.275238197934804e-06
1.2562,6.982810427238673e-06
1.2573,9.016333427513365e-06
1.2585,7.933617044940229e-06
1.2596,8.689051472670809e-06
1.2613,7.4645642519767074e-06
1.2625,8.215115217234572e-06
1.264,7.652248544371743e-06
1.2653,8.475915519009605e-06
1.2666,7.077630007229274e-06
1.2678,6.438743228985526e-06
1.2694,8.73876156154516e-06
1.2706,1.0530992444922639e-05
1.2718,7.933803522994527e-06
1.273,8.83813109315708e-06
1.2741,8.239836774125766e-06
1.2758,8.139486405792242e-06
1.277,9.378389618144663e-06
1.279,1.1042124458529847e-05
1.2802,9.069092592357654e-06
1.2814,8.554721090204962e-06
1.2827,8.09501339443813e-06
1.2843,8.543933108689345e-06
1.2855,8.504296811383521e-06
1.2867,7.277379782619434e-06
1.288,8.373549918397599e-06
1.2892,8.886820758681122e-06
1.2907,9.331874133974795e-06
1.292,9.992316773776842e-06
1.2932,8.232055180699269e-06
1.2945,8.867102119468136e-06
1.2956,9.352295480172422e-06
1.2972,8.377306624800533e-06
1.2984,8.915109603115529e-06
1.2996,9.212955785007149e-06
1.3012,9.845524743666201e-06
1.3025,1.0946993579306557e-05
1.3037,9.361049513634086e-06
1.3049,9.751260754968923e-06
1.3065,1.1389508351602087e-05
1.3076,9.597866682605589e-06
1.3088,8.386192170839392e-06
1.3099,9.973034983297652e-06
1.3113,9.133693642637166e-06
1.3129,9.626253396719601e-06
1.3142,8.485704061335773e-06
1.3153,8.36975565059223e-06
1.317,9.474684199002248e-06
1.3182,9.991765783043822e-06
1.3193,1.006900332687945e-05
1.3206,9.402435678157589e-06
1.3218,8.809098965224202e-06
1.3234,7.771882022801141e-06
1.3246,9.927797190044488e-06
1.3261,8.930169312947842e-06
1.3274,9.28224329849265e-06
1.3287,7.902884972186956e-06
1.3299,1.008570361205814e-05
1.3314,8.264298763422084e-06
1.3326,9.076330711375662e-06
1.3338,9.483892995930596e-06
1.3351,9.425080214474154e-06
1.3366,1.0432255331242909e-05
1.3378,1.0311474508807101e-05
1.339,9.039762515057314e-06
1.3403,9.686875551838742e-06
1.3415,8.29562312593765e-06
1.3432,8.08121929602541e-06
1.3443,8.58210360572321e-06
1.3455,9.243433255951792e-06
1.3466,8.882599076464963e-06
1.3479,8.18356382456062e-06
1.3496,8.913999808632167e-06
1.3508,9.031275473344238e-06
1.3519,9.136538602997951e-06
1.3531,9.811923703913235e-06
1.3547,1.0475310891486177e-05
1.356,8.972832960004771e-06
1.3576,9.020006277147576e-06
1.3588,1.1139543681710278e-05
1.36,1.0543413292044248e-05
1.3611,1.0765232438499217e-05
1.3627,1.1292030293757113e-05
1.364,1.1036586799724352e-05
1.3655,9.694636996484822e-06
1.3667,9.526561926016382e-06
1.3679,9.677522895576172e-06
1.3691,1.0201093499343568e-05
1.3706,8.600672225392883e-06
1.3718,9.846694020368952e-06
1.3731,8.929996212828222e-06
1.3743,1.1858918134245735e-05
1.3755,1.0235554788929233e-05
1.3771,8.948841067885093e-06
1.3783,9.65149986252345e-06
1.3795,1.1080364813362295e-05
1.381,1.0359252943555248e-05
1.382,1.0695080202421261e-05
1.3831,1.0173719872642764e-05
1.3843,9.086898644737617e-06
1.3854,9.710040307704237e-06
1.3871,1.0758085016113623e-05
1.3883,1.0273465319562099e-05
1.3899,8.932376261078191e-06
1.391,9.108590066412068e-06
1.3922,1.05489628934088e-05
1.3939,8.276358752522183e-06
1.3951,1.0106201537820586e-05
1.3967,9.968230380408649e-06
1.3978,9.571543354765688e-06
1.399,9.261429928999551e-06
1.4001,1.0729782033154744e-05
1.4018,9.353203297974216e-06
1.4031,1.0096880905831278e-05
1.4043,9.212771725071467e-06
1.4059,9.229417564023007e-06
1.4071,9.79546112202744e-06
1.4083,1.0914866838441343e-05
1.4094,9.797431079520781e-06
1.4106,9.922287392965848e-06
1.4124,1.0588508730970477e-05
1.4136,9.731115605666213e-06
1.4152,9.466830844370578e-06
1.4165,9.73037566194734e-06
1.418,1.004132134170984e-05
1.4192,1.0599292707374165e-05
1.4204,9.31827367659817e-06
1.4216,1.1411872163371258e-05
1.4228,1.105199311651574e-05
1.4245,1.0493758000741828e-05
1.4258,8.898419046413802e-06
1.4269,1.0315279384236922e-05
1.4281,1.1045255253469267e-05
1.4296,9.566470229717709e-06
1.4309,1.1076674526959678e-05
1.4321,1.1511160600114755e-05
1.4333,1.1538820353541185e-05
1.4346,1.178967026422584e-05
1.4362,1.0854430791353614e-05
1.4375,9.726409977105319e-06
1.4387,8.342192653817726e-06
1.4399,9.14422283004335e-06
1.4414,9.374583015218577e-06
1.4427,9.950768562710433e-06
1.4439,8.188354424893863e-06
1.4451,9.23392984810243e-06
1.4467,9.346593305982294e-06
1.4479,1.0825009606862593e-05
1.4492,1.006407036179555e-05
1.4504,1.1755101421076099e-05
1.452,1.0728661987991736e-05
1.4533,1.1775711529465814e-05
1.4544,1.1904629464053323e-05
1.4555,1.2228397220030406e-05
1.4572,1.036170386514651e-05
1.4583,1.0691415354917584e-05
1.4597,9.542450762828957e-06
1.4609,1.1074627730292696e-05
1.4621,9.573530568562281e-06
1.4637,1.0528978185338968e-05
1.4648,1.1073089395689589e-05
1.4661,1.025819695310432e-05
1.4672,1.0165968772295344e-05
1.4685,9.492765008981628e-06
1.4703,1.1105709233554721e-05
1.4715,9.499733568506786e-06
1.4727,1.1057244228049283e-05
1.4737,1.1745409603749766e-05
1.4754,1.021943150234753e-05
1.4767,9.409888851543547e-06
1.4779,9.223789270642837e-06
1.4794,1.1690083778143716e-05
1.4806,1.0439198479809803e-05
1.4819,1.11446428602134e-05
1.4832,1.1208081236544433e-05
1.4848,9.793569334479944e-06
1.4859,1.1166929289491476e-05
1.487,1.1961375543584419e-05
1.4882,1.0549283544007741e-05
1.4899,1.07539400969823e-05
1.4912,9.640794262151054e-06
1.4924,1.0906789975238958e-05
1.4935,1.0003105433512051e-05
1.495,1.0777604574283386e-05
1.4962,9.852664859932883e-06
1.4975,1.095258099136377e-05
1.4987,9.652880575437554e-06
1.5003,1.1705015240990433e-05
1.5015,9.851408746152455e-06
1.5026,1.0018146783321173e-05
1.5038,1.0512549831164427e-05
1.5055,1.192665571394265e-05
1.5068,1.0557264871234769e-05
1.508,1.1830457353648253e-05
1.5091,1.1365204452722829e-05
1.5107,1.049422249816701e-05
1.5119,1.0916087244466333e-05
1.5131,1.036960644437533e-05
1.5143,9.291782323643587e-06
1.5158,1.1091415664835064e-05
1.517,1.0397298978441602e-05
1.5181,1.2026432340407462e-05
1.5193,1.035926182268441e-05
1.521,1.0737158863646578e-05
1.5221,1.2092372151243895e-05
1.5233,1.1286898940480065e-05
1.5249,1.0986158764288154e-05
1.5262,9.64069130693575e-06
1.5274,9.889394169180436e-06
1.529,1.202060322844942e-05
1.5302,1.1674823539988588e-05
1.5312,1.0687992783790386e-05
1.5325,9.937231233767658e-06
1.5345,1.2396518385300324e-05
1.5357,1.149223167155861e-05
1.537,1.0475459065197704e-05
1.5382,9.518755010597037e-06
1.5394,1.2642088566373072e-05
1.5415,1.1446573236742211e-05
1.5427,1.1783139734047635e-05
1.5438,1.283335831414107e-05
1.5455,1.1124280388862909e-05
1.5466,1.1009464610351916e-05
1.5482,1.0221852994307142e-05
1.5494,1.0541174781687664e-05
1.5505,1.1340578496315816e-05
1.5517,1.1017272734420287e-05
1.5532,1.0616570513249322e-05
1.5547,1.2462372569783622e-05
1.556,1.2854223950081972e-05
1.5572,1.2588664869871556e-05
1.5584,1.210544455305914e-05
1.5599,1.1954054634387117e-05
1.5611,1.1918139184949851e-05
1.5628,1.2346831061645465e-05
1.5642,1.0766723160960285e-05
1.5654,1.1525172659841877e-05
1.5666,1.2411165847760222e-05
1.5681,1.0575617379804045e-05
1.5692,1.1049421700127924e-05
1.5705,1.25724861997992e-05
1.5717,1.3027399690972169e-05
1.5734,1.1303102701804618e-05
1.5747,1.1717575610826388e-05
1.5761,1.2076263572184502e-05
1.5773,1.2910749572374043e-05
1.5785,1.1247722712733743e-05
1.5797,1.2282676851209576e-05
1.5814,1.1648683875366893e-05
1.5826,1.190092938956748e-05
1.5842,1.2760503333933296e-05
1.5854,1.2156320226598883e-05
1.5866,1.285121300931913e-05
1.5877,1.1615901668792842e-05
1.5893,1.1590332209404695e-05
1.5904,1.1643338753650575e-05
1.5916,1.2648139845075981e-05
1.5928,1.1678093848222683e-05
1.594,1.1401736566326088e-05
1.5956,1.142848799065655e-05
1.5969,1.1786454268270636e-05
1.5982,1.2778758303252363e-05
1.5993,1.2983237716749653e-05
1.6009,1.280045598584488e-05
1.6021,1.2428797865281761e-05
1.6033,1.151213022323818e-05
1.6044,1.1905218808133737e-05
1.6057,1.0792966705757857e-05
1.6072,1.1343802350768226e-05
1.6084,1.2654601484020093e-05
1.6096,1.364145376271249e-05
1.6108,1.3491019213589497e-05
1.612,1.1774779403167412e-05
1.6135,1.330875039212092e-05
1.6148,1.3394185569210945e-05
1.616,1.2322311487037276e-05
1.6173,1.292564525548308e-05
1.619,1.24355744905496e-05
1.6205,1.220880634327625e-05
1.6216,1.1376325437572189e-05
1.6229,1.2354227721139875e-05
1.6242,1.3215332872910864e-05
1.6258,1.2605568691609163e-05
1.627,1.2315740778055955e-05
1.6285,1.38215406028762e-05
1.6296,1.2673572037866625e-05
1.6308,1.185396021857533e-05
1.6319,1.3803934064463596e-05
1.6336,1.1431488009964097e-05
1.6348,1.1867482184028559e-05
1.636,1.1933988981338903e-05
1.6375,1.2398050943391214e-05
1.6389,1.2421926372561514e-05
1.6402,1.243501111316502e-05
1.6414,1.2995735689404043e-05
1.6426,1.2373840899870594e-05
1.6443,1.2508465633972999e-05
1.6456,1.3696001006646764e-05
1.6469,1.3442281212607451e-05
1.648,1.1983400526445096e-05
1.6497,1.280087423626781e-05
1.651,1.297581793536449e-05
1.6522,1.2060560139492938e-05
1.6532,1.1625553064877964e-05
1.6548,1.1571696804698768e-05
1.6568,1.228665461939947e-05
1.658,1.2373544555740708e-05
1.6593,1.215826291930181e-05
1.6609,1.1198361895098317e-05
1.6623,1.232919691475174e-05
1.6635,1.1844570150421982e-05
1.6646,1.3495710020159195e-05
1.6662,1.2755060970663762e-05
1.6676,1.3496922730207395e-05
1.6688,1.2881154002755156e-05
1.6701,1.299208050652312e-05
1.6713,1.1327315440079935e-05
1.6729,1.1689930813167798e-05
1.674,1.1115850936690473e-05
1.6752,1.2799938270991918e-05
1.6766,1.2859694091344506e-05
1.6779,1.4343137459879872e-05
1.6793,1.606288449466662e-05
1.6805,1.4564877013108218e-05
1.6819,1.3272183706918212e-05
1.6831,1.2898882198538651e-05
1.6844,1.4150536727827945e-05
1.6857,1.3285646601012403e-05
1.6872,1.3650152596497646e-05
1.6884,1.3328646410057756e-05
1.6895,1.2425936931411365e-05
1.6908,1.2358632259645226e-05
1.692,1.2053461807620629e-05
1.6935,1.4145059572016612e-05
1.6948,1.3587445487934835e-05
1.696,1.321563977066448e-05
1.6975,1.3755289045251187e-05
1.6987,1.2584217548701615e-05
1.6998,1.3295796576011845e-05
1.7015,1.5004815085916819e-05
1.7027,1.4133142639522855e-05
1.7038,1.4974374846902781e-05
1.705,1.2851036958377835e-05
1.7063,1.3072963643987292e-05
1.7079,1.3839704766545918e-05
1.709,1.2880329873698166e-05
1.7103,1.3819209778353526e-05
1.7116,1.5285233092030635e-05
1.7131,1.2673004715131177e-05
1.7143,1.3008659831260791e-05
1.7155,1.35025141215397e-05
1.7167,1.30970294837779e-05
1.7182,1.3310986237676466e-05
1.7195,1.4067931911588113e-05
1.7211,1.3711955115551703e-05
1.7223,1.4400570291739462e-05
1.7233,1.3699292890536266e-05
1.7248,1.3052460037096955e-05
1.7261,1.2630499304835643e-05
1.7277,1.3029858025957237e-05
1.7289,1.2913207147193228e-05
1.73,1.3871682255044157e-05
1.7315,1.5185828213805207e-05
1.7328,1.4380255032194224e-05
1.7342,1.3383407283226923e-05
1.7354,1.3741211107343604e-05
1.7369,1.3518591379316816e-05
1.7381,1.4142808343959546e-05
1.7392,1.276684871546872e-05
1.7403,1.3824377340463992e-05
1.7415,1.3983135181350168e-05
1.7431,1.4176408727305156e-05
1.7443,1.3577372680460096e-05
1.7456,1.575732593951727e-05
1.7469,1.4713898537302119e-05
1.7485,1.3968328226970206e-05
1.7497,1.4604527136841377e-05
1.7508,1.3960802865247722e-05
1.7524,1.5267918758737385e-05
1.7536,1.5822002906198067e-05
1.7547,1.3426780670113274e-05
1.756,1.3745163427589954e-05
1.7577,1.377800949156555e-05
1.759,1.3982177911863846e-05
1.76,1.5125547440875212e-05
1.7616,1.5587768733398808e-05
1.7628,1.2719099411049567e-05
1.764,1.5891051822629562e-05
1.7653,1.5794908447068037e-05
1.7669,1.4439952912023176e-05
1.7681,1.4416302923354172e-05
1.7692,1.579379599191488e-05
1.7705,1.4779774171775245e-05
1.7718,1.527516523279559e-05
1.7731,1.53401531498361e-05
1.7744,1.4039686586045713e-05
1.7758,1.5006762961054481e-05
1.7769,1.4777332173246277e-05
1.7782,1.4615784142369982e-05
1.7794,1.3904286460810172e-05
1.7809,1.4081677496886191e-05
1.782,1.454414787609371e-05
1.7836,1.5536828451248122e-05
1.7847,1.373157918986036e-05
1.7859,1.4396197699069005e-05
1.7876,1.4893783236788016e-05
1.7891,1.6127756013592607e-05
1.79,1.6355659309632675e-05
1.7911,1.3741910364106286e-05
1.7927,1.5251689350394753e-05
1.7938,1.4018149668823803e-05
1.7951,1.4129086035952884e-05
1.7968,1.59584176598774e-05
1.7982,1.394226923217526e-05
1.7993,1.5053322847170038e-05
1.8006,1.4222596130204228e-05
1.8018,1.3184181028854058e-05
1.8034,1.4814064132617942e-05
1.8046,1.4528986884489921e-05
1.8058,1.562407321372077e-05
1.8069,1.551271244186059e-05
1.8085,1.5882052583507557e-05
1.8097,1.4411849939588797e-05
1.8113,1.5952765414265727e-05
1.8125,1.5401918452070186e-05
1.8137,1.7973937799380387e-05
1.8151,1.4919473429632991e-05
1.8162,1.5994388643785878e-05
1.8175,1.686186399093709e-05
1.8188,1.5713388071816114e-05
1.82,1.5063726762359401e-05
1.8215,1.618713306569773e-05
1.8228,1.6577953004983482e-05
1.824,1.5611440162325205e-05
1.8253,1.612515355772121e-05
1.8268,1.4540768027761837e-05
1.8279,1.4639248708641674e-05
1.8292,1.626204988001345e-05
1.8303,1.623243811239573e-05
1.8319,1.5512821912786145e-05
1.8331,1.5272058062281883e-05
1.8344,1.4748697572607386e-05
1.8355,1.4602918855417921e-05
1.8367,1.521456046191766e-05
1.8381,1.554896607486535e-05
1.8397,1.630763826666453e-05
1.8409,1.6235816090372522e-05
1.8421,1.6878143301694943e-05
1.8433,1.5425088013924594e-05
1.845,1.5913631066657598e-05
1.8462,1.6291615853422008e-05
1.8473,1.59069380891777e-05
1.8484,1.6352533339335202e-05
1.8501,1.6263120840771922e-05
1.8512,1.3514492463415973e-05
1.8524,1.6158638237683654e-05
1.8536,1.629375919445024e-05
1.8551,1.617204657934625e-05
1.8563,1.600949762684094e-05
1.8575,1.6326220831870496e-05
1.8588,1.4859222459155482e-05
1.8604,1.5579291992150058e-05
1.8616,1.5164266678227182e-05
1.8632,1.4166583209574262e-05
1.8644,1.544526052121048e-05
1.8659,1.498991531542407e-05
1.8671,1.6260645835256284e-05
1.8686,1.717153311521555e-05
1.8697,1.6106387768105777e-05
1.8707,1.727095161484483e-05
1.8724,1.7972183850112174e-05
1.8738,1.7152374565493613e-05
1.875,1.6218304656358842e-05
1.8761,1.639142284681141e-05
1.8775,1.6274440760518063e-05
1.8788,1.472898802819474e-05
1.88,1.4945450135760995e-05
1.8815,1.4611528360184583e-05
1.8828,1.5671325880891994e-05
1.884,1.7262230013892913e-05
1.8853,1.7794609745629976e-05
1.8868,1.6661880540236424e-05
1.8882,1.8446054577203413e-05
1.8892,1.7320026514873593e-05
1.8904,1.8145138478534246e-05
1.8919,1.6589158436702844e-05
1.8931,1.5969752662126752e-05
1.8947,1.6249318047243218e-05
1.8959,1.609737106456123e-05
1.8971,1.5554596619838583e-05
1.8982,1.7078145034804114e-05
1.8997,1.610274262115953e-05
1.9009,1.7396974109480545e-05
1.9021,1.8130983621643653e-05
1.9033,1.8012986449878585e-05
1.9045,1.9013245183671044e-05
1.9061,1.7331413475660557e-05
1.9073,1.6271542435844784e-05
1.9086,1.7236105033363147e-05
1.9102,1.5653318063592222e-05
1.9112,1.7145534517402263e-05
1.9127,1.607239738865149e-05
1.9144,1.733586314131474e-05
1.9156,1.666879540640507e-05
1.9168,1.6678412020812886e-05
1.9184,1.86355643629639e-05
1.9196,1.6814473526041774e-05
1.9204,1.746937108893751e-05
1.9209,1.716884861625536e-05
1.9221,1.6441254387911344e-05
1.9226,1.779652906094191e-05
1.9233,1.8016555622395652e-05
1.9235,1.8240044424851833e-05
1.9246,1.900756241014671e-05
1.9259,1.8309028041425915e-05
1.9268,1.7241515598318577e-05
1.9275,1.7961218835657738e-05
1.9287,1.674017221832896e-05
1.93,1.6858519988408377e-05
1.9304,1.7452853929584834e-05
1.9311,1.6398958990029844e-05
1.9321,1.8470052950310685e-05
1.9337,1.6876042181361193e-05
1.9344,1.8290531258359315e-05
1.9354,1.7765792899329856e-05
1.9361,1.7750305511963206e-05
1.9364,1.829587777050701e-05
1.9376,1.9450529022193035e-05
1.9386,1.8435961626387184e-05
1.9387,1.8181447331503783e-05
1.9403,1.825211944908501e-05
1.9414,1.850601851339896e-05
1.9426,1.836688403215963e-05
1.9439,1.7610011168381638e-05
1.9448,1.8863603462605e-05
1.9455,1.70455102094659e-05
1.9466,1.71086274052463e-05
1.9481,1.807814504845629e-05
1.9494,1.7427729054182443e-05
1.9495,1.795412813583377e-05
1.9506,1.7932569331025524e-05
1.9518,1.8029388299757975e-05
1.9535,1.693540790751236e-05
1.9541,1.8600233194968833e-05
1.9545,1.827296482365183e-05
1.9557,1.8505217491892253e-05
1.957,1.8607213230312388e-05
1.9586,1.9489140715668206e-05
1.9595,1.926032611370794e-05
1.9602,1.8563855233723784e-05
1.9606,1.7855925892917347e-05
1.9619,1.7331859881993748e-05
1.9637,1.7618205608562937e-05
1.9648,1.9319669427071172e-05
1.966,2.1074884311327515e-05
1.967,1.953707573709715e-05
1.9683,1.819489853638501e-05
1.9698,1.9079297450288953e-05
1.9708,2.0279551132974057e-05
1.971,1.8418293673899217e-05
1.9722,1.777185074935637e-05
1.9734,1.9019471311025352e-05
1.9751,1.8280234125563156e-05
1.9754,1.8358355496821883e-05
1.9761,1.7513315502474603e-05
1.977,1.724594091319385e-05
1.9772,1.6311432134750157e-05
1.9789,1.788598638750024e-05
1.9799,1.9066147326894428e-05
1.98,1.787831952671964e-05
1.9811,1.8485436442872114e-05
1.9823,1.789163081282817e-05
1.9835,1.9196828182508545e-05
1.9844,1.775171302406957e-05
1.9849,1.9046212990804024e-05
1.9861,2.001581795459547e-05
1.9873,1.8541036415111782e-05
1.9885,1.853141725119341e-05
1.9899,1.8458712013535105e-05
1.9901,1.8372071124686008e-05
1.9902,1.970928678500374e-05
1.9903,1.739764186021802e-05
1.9904,1.7408894807593656e-05
1.9905,1.9076171861819364e-05
1.9906,1.872205048287389e-05
1.9907,1.9029454259101075e-05
1.9908,2.013609443627252e-05
1.9909,1.8665892857047003e-05
1.991,2.0288544829382205e-05
1.9911,2.0744113571883902e-05
1.9912,1.9457982264219846e-05
1.9913,2.0682252253113e-05
1.9914,2.0386970399184122e-05
1.9915,2.0473865487623293e-05
1.9916,1.9067240590312144e-05
1.9917,2.026374283712587e-05
1.9919,1.909620765249464e-05
1.992,1.8575537772470222e-05
1.9922,1.8194826517881218e-05
1.9923,1.8785687227230232e-05
1.9924,1.799794650806089e-05
1.9925,2.0316078240146973e-05
1.9926,1.940710651721066e-05
1.9927,1.8254214545937553e-05
1.9928,1.965027016286192e-05
1.993,2.0883576646041623e-05
1.9931,1.9444363961634823e-05
1.9932,1.9528689282870398e-05
1.9933,1.7878427206372444e-05
1.9935,1.7734554970463102e-05
1.9936,1.8851594725881348e-05
1.9937,1.855606654317653e-05
1.9938,1.9002173065926734e-05
1.9939,1.922329837317731e-05
1.9941,1.9575984508895646e-05
1.9942,1.870383296437311e-05
1.9943,1.9513420105675834e-05
1.9946,2.069475492106372e-05
1.9948,2.0497853324628152e-05
1.9949,1.9720510988870352e-05
1.9951,2.098637370536092e-05
1.9953,1.9448843284227516e-05
1.9954,2.0546323854178097e-05
1.9955,1.988811627992957e-05
1.9956,2.0196504265548637e-05
1.9957,1.9451272588730343e-05
1.9958,1.7993019160492815e-05
1.9959,1.8335694754506712e-05
1.996,1.8208283013694727e-05
1.9961,1.8174056075441158e-05
1.9962,1.9456485595100126e-05
1.9965,1.8476151207995578e-05
1.9967,1.9608611132396797e-05
1.9968,1.9933888963946102e-05
1.9969,1.9440488698243484e-05
1.997,2.024753413369364e-05
1.9971,1.8392789944188956e-05
1.9972,1.9293742773762683e-05
1.9973,1.84401285696914e-05
1.9976,1.9404598003614556e-05
1.9977,1.870074057160173e-05
1.9978,1.962303129496697e-05
1.9979,2.00938086257152e-05
1.998,1.9481070860099213e-05
1.9982,1.8978232161317386e-05
1.9985,1.9121903334511558e-05
1.9986,2.1287627505375245e-05
1.9987,1.9426130045625283e-05
1.9988,2.040306150215893e-05
1.9989,1.9497930582096563e-05
1.9991,1.9588698828864137e-05
1.9993,1.7987143128446665e-05
1.9994,1.9462370809107714e-05
1.9996,1.8128940463841853e-05
1.9997,1.8928480387021062e-05
1.9999,1.7489271382027563e-05
2.0001,1.772788886284089e-05
2.0002,2.017092123078975e-05
2.0003,2.0387571471183207e-05
2.0004,1.956230417288843e-05
2.0005,2.0756928842322652e-05
2.0007,1.901645378093512e-05
2.0008,1.9374196163110774e-05
2.0009,1.8707837279324454e-05
2.0011,1.9524041174487646e-05
2.0012,1.8906604732558027e-05
2.0013,1.9607897526003528e-05
2.0014,1.785887413662332e-05
2.0016,1.8610709414205954e-05
2.0017,1.914055585937663e-05
2.0018,2.0734139892696407e-05
2.0019,1.8967483470796827e-05
2.002,1.9621872466568928e-05
2.0021,2.003446394496592e-05
2.0022,1.8090376027331205e-05
2.0023,1.9891648958812012e-05
2.0025,1.8148701234115808e-05
2.0026,1.9652889387893134e-05
2.0027,1.9716753762277217e-05
2.0028,1.9547327432552664e-05
2.0029,1.8306861461334773e-05
2.003,1.902960822600409e-05
2.0031,2.0901908533432415e-05
2.0032,2.0299907252485598e-05
2.0033,2.1295459757155732e-05
2.0034,1.8955355106696554e-05
2.0035,1.8509902058981597e-05
2.0036,1.9008367783796058e-05
2.0037,1.9712345332137103e-05
2.004,1.9333668451160946e-05
2.0044,1.8141091486681716e-05
2.0047,1.9408556901107587e-05
2.0048,1.9319650143701024e-05
2.0053,1.9440738270613768e-05
2.0056,1.7845570198599507e-05
2.0057,2.044417063414422e-05
2.0062,1.8518672319588824e-05
2.0063,2.0362848981586535e-05
2.0066,2.0083363299140396e-05
2.0069,1.870305776626546e-05
2.0074,1.7501418039986627e-05
2.0078,1.8909911731879005e-05
2.0082,1.955664773138109e-05
2.0083,1.993801895636187e-05
2.0086,1.947990705242733e-05
2.0091,2.0087247981332543e-05
2.0095,1.884750844967477e-05
2.0098,1.8244796955382015e-05
2.0101,1.7816638167705306e-05
2.0104,1.8969384587557385e-05
2.0107,1.925455283420691e-05
2.011,1.9882796561832794e-05
2.0115,1.86600832943941e-05
2.0117,1.7933994711752277e-05
2.0119,2.0569328026737228e-05
2.0125,1.8370102714316804e-05
2.0126,1.832186815132847e-05
2.0129,1.9482356483598297e-05
2.0134,1.8908372583991385e-05
2.0137,1.7732083008213895e-05
2.0142,1.871534549569645e-05
2.0143,1.9709936623044243e-05
2.0148,2.0701849764415047e-05
2.015,1.96589149911076e-05
2.0153,1.9319315279815394e-05
2.0158,1.7764256332302784e-05
2.0161,2.0829747924775837e-05
2.0163,1.9653128048392212e-05
2.0167,1.8458263688181362e-05
2.0169,2.0097802120476994e-05
2.0171,1.9700877304627197e-05
2.0175,1.935955267169087e-05
2.0177,1.9343273766271582e-05
2.0181,1.954478782677402e-05
2.0182,2.0487815587246213e-05
2.0186,1.8249511779809972e-05
2.0188,1.9064643372915835e-05
2.019,2.047581025516557e-05
2.0192,2.039314122787757e-05
2.0196,1.9050168746665013e-05
2.0201,2.135811934944177e-05
2.0202,1.8377969810848114e-05
2.0204,1.98588623867185e-05
2.0207,1.9079388092393926e-05
2.0209,1.7990657719657907e-05
2.0213,2.13044070132411e-05
2.0218,2.0561850225930603e-05
2.022,1.884284393089585e-05
2.0224,1.9555885889898682e-05
2.0225,2.0827946972745427e-05
2.0229,2.0547995099964023e-05
2.0231,1.8823500565594975e-05
2.0232,1.811335062109094e-05
2.0235,1.783794568803374e-05
2.0236,1.8299224613254207e-05
2.0239,1.9057602298721616e-05
2.0242,1.939589270183021e-05
2.0243,1.8460324135491027e-05
2.0246,2.00270572313744e-05
2.0249,1.968952848462819e-05
2.0251,1.9627882518755808e-05
2.0254,1.966214170043871e-05
2.0256,1.9200391234170866e-05
2.0257,2.0754309721082113e-05
2.0258,1.8828550869377203e-05
2.026,1.8371748029508524e-05
2.0261,2.000056674889205e-05
2.0263,1.9487948586860724e-05
2.0264,1.935944778026281e-05
2.0265,1.9166156007080232e-05
2.0266,2.139366521410334e-05
2.0267,1.94729011939877e-05
2.0268,1.9163178627109177e-05
2.0269,1.896966494189507e-05
2.027,2.0625572971229083e-05
2.0271,1.9431599691327356e-05
2.0273,1.886041565515601e-05
2.0274,1.917868345266241e-05
2.0275,2.0175062967573785e-05
2.0276,1.9688417239680826e-05
2.0277,1.6631408784328704e-05
2.0278,1.9710944078769316e-05
2.0279,1.9067456259623682e-05
2.0357,2.0481550031446858e-05
2.0472,2.073982817873469e-05
2.0594,1.8504378749747505e-05
2.0658,2.0021001446393315e-05
2.0726,2.1040979128946407e-05
2.08,2.0019547439376124e-05
2.0904,2.208148195664657e-05
2.0977,2.0001509680568746e-05
2.1038,1.9859194060919665e-05
2.1092,2.102722360233054e-05
2.1169,2.2091810967280853e-05
2.1226,2.068819615094789e-05
2.128,2.109491150773531e-05
2.1332,2.1014946163646495e-05
2.141,2.050518370209559e-05
2.1452,2.134184065533893e-05
2.1454,2.047433708230702e-05
2.1455,2.1491067926807193e-05
2.1457,2.1236610357310522e-05
2.146,2.175274533022285e-05
2.1462,2.1310777730566943e-05
2.1467,2.1510804177995275e-05
2.1473,2.1438668175527894e-05
2.1479,2.310290788004932e-05
2.1492,2.1004187842130594e-05
2.1505,2.1726474421571257e-05
2.1519,2.1161311642977262e-05
2.1532,2.2021875455439233e-05
2.1548,2.184359439532555e-05
2.1554,2.110171133726451e-05
2.1561,2.2335748589160843e-05
2.1573,2.3514284039029105e-05
2.1585,2.4033198262497936e-05
2.1598,2.2827048680782377e-05
2.1611,2.151712154486138e-05
2.1617,2.0548498532456765e-05
2.1621,2.230615746352964e-05
2.1632,2.3533906590502803e-05
2.1643,2.152795487771913e-05
2.1658,2.1890682812711858e-05
2.1671,2.193936093208028e-05
2.168,2.1304539351378444e-05
2.1687,2.2123785352370015e-05
2.1699,2.1070585609537682e-05
2.1708,2.2060617371888396e-05
2.1712,2.3322147167478634e-05
2.1724,2.1614221473807447e-05
2.1739,2.0638694380717017e-05
2.1751,2.2579594132264506e-05
2.1765,2.2356944651573274e-05
2.1773,2.1546705347448797e-05
2.1777,2.3063002315998866e-05
2.1798,2.2186603068895678e-05
2.1814,2.238882245178291e-05
2.1816,2.3049693663369287e-05
2.1829,2.2453991856553063e-05
2.1836,2.219226098191027e-05
2.1846,2.268155893393674e-05
2.1851,2.26788659566646e-05
2.1854,2.23060321205644e-05
2.1863,2.173796577864888e-05
2.1872,2.3209738752677752e-05
2.1884,2.3022826463963778e-05
2.1897,2.2179149794526262e-05
2.1899,2.3318765811981737e-05
2.1906,2.1936434753992953e-05
2.1913,2.0731823984741687e-05
2.1915,2.249370877684031e-05
2.1927,2.1534313405094317e-05
2.1931,2.2628986607110273e-05
2.1945,2.2879386487490783e-05
2.195,2.20705510669015e-05
2.1955,2.4108182828063934e-05
2.1956,2.4169984707709584e-05
2.1967,2.359448817884337e-05
2.1969,2.2760333437993083e-05
2.1971,2.3837768178029998e-05
2.1973,2.2062885826402986e-05
2.1976,2.2351765917361465e-05
2.1977,2.416873172299482e-05
2.1979,2.3159266802538097e-05
2.1982,2.2353723268404675e-05
2.1986,2.1324234603985477e-05
2.199,2.1802444055650668e-05
2.1996,2.1351491016528807e-05
2.1997,2.325107348178111e-05
2.2003,2.246965443455168e-05
2.2006,2.217094700395823e-05
2.2007,2.0866282886751106e-05
2.2008,2.159481233221019e-05
2.2011,2.380249134003058e-05
2.2012,2.4163407596047956e-05
2.2015,2.4247821759038448e-05
2.2018,2.3281887655171422e-05
2.2022,2.1560935484935003e-05
2.2025,2.3809387285224142e-05
2.2027,2.1753003314421986e-05
2.2028,2.2972095610323217e-05
2.203,2.378778109187134e-05
2.2032,2.3019159853122605e-05
2.2033,2.28238696973327e-05
2.2034,2.2136080988041312e-05
2.2041,2.3451371806945708e-05
2.2047,2.3722704137463737e-05
2.2064,2.2574227626013596e-05
2.2074,2.368559818532457e-05
2.2081,2.3429825943951357e-05
2.2087,2.2399709895034955e-05
2.2096,2.4030445966416613e-05
2.2097,2.277295157240192e-05
2.2104,2.2981051078645168e-05
2.2105,2.3192441069130686e-05
2.2106,2.335172342422054e-05
2.2107,2.15557402190189e-05
2.2119,2.163171159617971e-05
2.2131,2.1704510047962844e-05
2.2141,2.3253571960344825e-05
2.2147,2.1814726043275893e-05
2.2156,2.2632149958380413e-05
2.2196,2.3464625475124294e-05
2.2198,2.2775132884790273e-05
2.2203,2.271454620811697e-05
2.222,2.334412877636377e-05
2.2229,2.2951773847452336e-05
2.2239,2.3100290990129906e-05
2.2265,2.3574048458167033e-05
2.2358,2.32874312335321e-05
2.2429,2.4379027698393402e-05
2.2436,2.504723808830667e-05
2.2437,2.2596487979191626e-05
2.244,2.3762907326858036e-05
2.2442,2.4925746963693965e-05
2.2445,2.451200002441684e-05
2.246,2.2553680542382605e-05
2.2464,2.365395826862878e-05
2.2479,2.455975359443137e-05
2.2501,2.6511706675936387e-05
2.2504,2.442534612433088e-05
2.2505,2.4563289532150698e-05
2.2506,2.4288036834402196e-05
2.2535,2.483545769221772e-05
2.2543,2.267852702180665e-05
2.258,2.482313399240425e-05
2.2585,2.5085693089629683e-05
2.2589,2.4404146632726732e-05
2.2617,2.401070070778896e-05
2.2661,2.48540030571269e-05
2.2662,2.4102456289769024e-05
2.2696,2.4984581442085278e-05
2.2702,2.4477578587120465e-05
2.2704,2.456788244914041e-05
2.2719,2.4845230379575602e-05
2.2735,2.5984216730637208e-05
2.2769,2.4281228908533926e-05
2.2774,2.5825579868611167e-05
2.2785,2.400403397950219e-05
2.2792,2.4920503663833376e-05
2.2812,2.6626558589541428e-05
2.2847,2.660811933786614e-05
2.2859,2.440562745220351e-05
2.2869,2.4654746884923955e-05
2.2882,2.323188762210667e-05
2.2897,2.591474190103172e-05
2.2912,2.5729326021316955e-05
2.2932,2.4419618731121715e-05
2.2959,2.503167504281117e-05
2.2964,2.4328932168155126e-05
2.2999,2.4482652493712097e-05
2.3001,2.6052296772676584e-05
2.301,2.5801698402115673e-05
2.3029,2.4520122760506854e-05
2.3042,2.67920454884386e-05
2.3049,2.440734204772711e-05
2.306,2.6372684706526853e-05
2.3072,2.6004280246406597e-05
2.3084,2.5980600020495968e-05
2.3102,2.719496013648159e-05
2.3109,2.44317047253331e-05
2.3114,2.4861160555472662e-05
2.3126,2.5609636402423345e-05
2.3137,2.5420880360788254e-05
2.3141,2.4887026459740385e-05
2.3142,2.4666087446037645e-05
2.3143,2.5830683131319838e-05
2.3144,2.625223941616226e-05
2.315,2.5318142249086253e-05
2.3155,2.625838901935512e-05
2.3161,2.4865075731652218e-05
2.3165,2.4975898080814845e-05
2.3167,2.6652585306181535e-05
2.3181,2.535503742983754e-05
2.3184,2.6538958508033993e-05
2.3191,2.6750290355356064e-05
2.3195,2.3899258493302822e-05
2.3197,2.625669524448491e-05
2.3213,2.5828655846009334e-05
2.3231,2.506461695656914e-05
2.3241,2.467604543361689e-05
2.3246,2.6678547731247867e-05
2.3249,2.3468199331652868e-05
2.3259,2.683614721726717e-05
2.3281,2.4992784618931764e-05
2.3297,2.4644468746711385e-05
2.3302,2.581703093384671e-05
2.3306,2.5321009862822443e-05
2.3317,2.421232466763916e-05
2.3326,2.4860812075255066e-05
2.3346,2.516949522992566e-05
2.336,2.6233079808514172e-05
2.3376,2.594123860079143e-05
2.3382,2.5825873432856657e-05
2.3391,2.6872590265716658e-05
2.3404,2.66804643852799e-05
2.3426,2.771424739436694e-05
2.3439,2.688139333823422e-05
2.3451,2.592631328729515e-05
2.3469,2.6636881137867633e-05
2.3488,2.695793353659943e-05
2.3506,2.6096372217413198e-05
2.3518,2.5563112111801097e-05
2.3532,2.562435177953959e-05
2.3552,2.6526563576859737e-05
2.3561,2.5608572159293566e-05
2.3568,2.4679258445299787e-05
2.3585,2.6574712942054168e-05
2.3604,2.6455176830548417e-05
2.3618,2.603334057782999e-05
2.362,2.7324968804410757e-05
2.3628,2.7954599066405962e-05
2.3638,2.7272134749247912e-05
2.3648,2.737261854214564e-05
2.3657,2.932719092067338e-05
2.366,2.754320516349652e-05
2.3678,2.7094937463738916e-05
2.3681,2.667035915565827e-05
2.3684,2.7320661314850228e-05
2.369,2.7072828417518843e-05
2.3703,2.6464082391173822e-05
2.3718,2.7437686843498663e-05
2.3743,2.7423544039583482e-05
2.3748,2.8183528646601088e-05
2.3767,2.7479220243387668e-05
2.3773,2.7964580166425188e-05
2.3775,2.7804039853438468e-05
2.3783,2.8897152983618562e-05
2.3803,2.7901356132590123e-05
2.3822,2.85162512592659e-05
2.3839,2.788191371282949e-05
2.3853,2.740056274411059e-05
2.3866,2.750501538044521e-05
2.3889,2.7821528761920645e-05
2.3916,2.765384832685893e-05
2.3931,2.7220284275468142e-05
2.3949,2.8420744363370396e-05
2.3977,2.846498982836721e-05
2.3999,2.8239316404103437e-05
2.4009,2.782005547726715e-05
2.4014,2.8032113758423476e-05
2.4025,2.8476413068412554e-05
2.4057,2.891131457560231e-05
2.409,2.8127678898490075e-05
2.4112,2.8174083640933187e-05
2.412,2.7860241062171873e-05
2.4128,2.8271513696585107e-05
2.414,2.8438190577466868e-05
2.4141,2.902177424858936e-05
2.4154,2.98813701795296e-05
2.4168,3.0401583396714966e-05
2.4194,2.9582355802805258e-05
2.4224,2.9404149623367385e-05
2.4242,2.9358594002865137e-05
2.4258,2.9557018333671022e-05
2.4272,2.911595888363289e-05
2.4276,2.8995934139477308e-05
2.4277,2.83738625094176e-05
2.4289,3.017379782456837e-05
2.4298,3.0490890109855805e-05
2.4302,2.920710586613485e-05
2.4306,2.8643170608414186e-05
2.432,2.9310072844412972e-05
2.4344,3.066316334072815e-05
2.437,2.877394937820984e-05
2.4393,2.8971103608138986e-05
2.441,2.9963099745565578e-05
2.4429,3.0228549661983785e-05
2.4435,3.0072388789448396e-05
2.4439,2.9294763986425143e-05
2.4442,2.9372013867093173e-05
2.445,3.006746953042147e-05
2.4484,2.9626782492181094e-05
2.4518,2.955896951658636e-05
2.4543,3.101498040684761e-05
2.4552,3.201550610263388e-05
2.4553,3.0498665160650604e-05
2.4567,3.063764430349394e-05
2.459,3.0069245417903284e-05
2.4613,3.227989313560605e-05
2.4644,3.184219874262919e-05
2.4646,3.077152845911945e-05
2.4647,3.0931377961829524e-05
2.4672,3.131153801802413e-05
2.4682,3.0958913708115365e-05
2.4689,3.0999746451306154e-05
2.4693,3.054883616911265e-05
2.4704,3.0151889692378177e-05
2.4705,3.0320762073502143e-05
2.4706,3.086639580587862e-05
2.4708,2.98053391989873e-05
2.4712,3.206203936013449e-05
2.472,3.23909120036952e-05
2.4736,3.0904597463262526e-05
2.4782,3.0956361549601435e-05
2.4799,3.0888043320232336e-05
2.4802,3.297013716709622e-05
2.4803,3.1560473052848794e-05
2.4805,3.2251456765848425e-05
2.4814,3.1939042270616214e-05
2.4824,3.207147348047923e-05
2.4841,3.067821206496598e-05
2.4875,3.288726118180662e-05
2.4877,3.0494602931434458e-05
2.4891,3.212722572923714e-05
2.4907,3.1608367436717174e-05
2.4933,3.282220337592735e-05
2.4962,3.1258477328281994e-05
2.4963,3.274097293370192e-05
2.4964,3.151265979626827e-05
2.4994,3.2957061182071714e-05
2.5025,3.375671778030196e-05
2.5068,3.2982191033824166e-05
2.5069,3.253057739306712e-05
2.507,3.3782425023275454e-05
2.5072,3.5236285132969535e-05
2.5081,3.362697811378298e-05
2.5085,3.40675732242177e-05
2.5111,3.383717127071778e-05
2.5167,3.3902835586531474e-05
2.5174,3.564009160599554e-05
2.5178,3.5345500206758956e-05
2.5183,3.503465089292333e-05
2.5186,3.4900113983975044e-05
2.5193,3.5660827104600976e-05
2.5194,3.3750204781671e-05
2.5205,3.6613531106110707e-05
2.5218,3.44158811142205e-05
2.5226,3.4650049542989816e-05
2.5238,3.5159394170040256e-05
2.5239,3.595813532184243e-05
2.5251,3.470925019703583e-05
2.5254,3.607300806387214e-05
2.5288,3.704457546694343e-05
2.533,3.705807884824073e-05
2.5337,3.7803579966100214e-05
2.5361,3.824473303121728e-05
2.5375,3.802682636732451e-05
2.5388,3.757254230271304e-05
2.5389,3.7250663256986426e-05
2.5393,3.956747923452401e-05
2.5398,3.8676270574790485e-05
2.54,3.7793469701832125e-05
2.5422,3.808890748059485e-05
2.5466,3.8608925936407186e-05
2.5507,4.0015791447803035e-05
2.5509,3.886278540938219e-05
2.551,4.029849090965799e-05
2.5527,4.045922230312408e-05
2.5535,4.0788759910178704e-05
2.5545,4.032050992799438e-05
2.5555,4.278087209926706e-05
2.5563,4.034941805277614e-05
2.5572,4.257635795149941e-05
2.5622,4.2264681941909816e-05
2.5654,4.2441603622701216e-05
2.5677,4.336645847746531e-05
2.5709,4.507856660793011e-05
2.5726,4.5336465978624855e-05
2.573,4.560936513806025e-05
2.5744,4.737004151734042e-05
2.5748,4.867797257191525e-05
2.5751,4.85321181488981e-05
2.5756,4.74693757351387e-05
2.5758,4.751602629469199e-05
2.5761,4.8457787822873155e-05
2.5762,4.894382184957633e-05
2.577,5.061141086301175e-05
2.5773,5.0370449346345106e-05
2.5776,4.994689730098823e-05
2.5784,5.005519427594061e-05
2.5802,5.065988876581973e-05
2.5823,5.0330115859378245e-05
2.5842,5.2362993723262976e-05
2.5866,5.3289540533371315e-05
2.589,5.32473302686061e-05
2.5911,5.560169803978022e-05
2.5965,5.59278620085906e-05
2.6012,5.7471613594785935e-05
2.6013,5.897315874719786e-05
2.6018,6.1535956717373e-05
2.6024,6.061538351460819e-05
2.6026,5.91186144902536e-05
2.6029,5.911921010752308e-05
2.6035,6.0498517938853064e-05
2.6058,6.0252017480052445e-05
2.6078,6.433505194817893e-05
2.608,6.52476044603085e-05
2.6091,6.278529619012473e-05
2.6092,6.572191759701317e-05
2.6096,6.520621234714677e-05
2.6113,6.455296380148723e-05
2.6133,6.573577961919775e-05
2.6151,6.610124942364898e-05
2.6154,6.406545290978126e-05
2.6163,6.586531933736252e-05
2.6223,6.60114900487783e-05
2.6248,6.880291993934745e-05
2.6258,6.990938221596082e-05
2.6267,6.840633963624836e-05
2.6274,6.70972235260832e-05
2.6276,7.055874431161957e-05
2.6302,6.937221350543372e-05
2.6343,7.12246454540349e-05
2.6421,7.266243778148572e-05
2.6437,7.334363716748778e-05
2.6449,7.294631744812195e-05
2.6464,7.465037149547738e-05
2.6489,7.321746953603088e-05
2.6516,7.485342203623241e-05
2.6531,7.575301788978287e-05
2.6541,7.378139214825204e-05
2.6546,7.378230217015479e-05
2.6551,7.426873845205863e-05
2.6552,7.408499027965737e-05
2.6562,7.467326306419323e-05
2.6565,7.680088165291139e-05
2.6571,7.501426258772576e-05
2.6575,7.608017518334936e-05
2.6576,7.49486454732747e-05
2.6581,7.548115176170922e-05
2.6588,7.532069414125908e-05
2.6592,7.617211936506968e-05
2.6606,7.492910153139493e-05
2.6609,7.597950264539629e-05
2.6645,7.441711320801518e-05
2.6668,7.579391618755986e-05
2.6693,7.651759465794791e-05
2.6697,7.78959487384309e-05
2.6701,7.713031191275715e-05
2.6709,7.61722987225871e-05
2.6722,7.540980107372754e-05
2.6724,7.640610502708773e-05
2.6733,7.628062898998467e-05
2.6735,7.519045724848975e-05
2.6741,7.598636579913313e-05
2.6744,7.567972319640153e-05
2.6746,7.493747413429791e-05
2.6767,7.807818160396919e-05
2.684,7.637253746368875e-05
2.6915,7.777016423648847e-05
2.6924,7.613635190192515e-05
2.6929,7.874999835968565e-05
2.6932,7.566521047858506e-05
2.6934,7.51856072560332e-05
2.6938,7.582613978691361e-05
2.6945,7.460242538650116e-05
2.6957,7.714793897543221e-05
2.6975,7.591052782958105e-05
2.7,7.707436372704508e-05
2.7001,7.649243240026258e-05
2.703,7.876441283468994e-05
2.705,7.727188505868606e-05
2.7075,7.602600391942996e-05
2.7086,7.630431283213472e-05
2.7093,7.713383945296997e-05
2.7097,7.715286542746317e-05
2.7104,7.71754394689653e-05
2.7106,7.693275963726152e-05
2.7112,7.727789607593143e-05
2.7118,7.827874230843317e-05
2.7123,7.724928985904609e-05
2.7128,7.73086239088374e-05
2.7129,7.936412436569336e-05
2.7132,7.751037496046049e-05
2.7148,7.738522446484556e-05
2.7156,7.716422822215921e-05
2.7161,7.719488875025712e-05
2.7179,7.781781976226578e-05
2.724,7.680199401853534e-05
2.7246,7.81349573593486e-05
2.7268,7.59220605076525e-05
2.729,7.595572648578853e-05
2.7299,7.741983187255315e-05
2.732,7.711678818406627e-05
2.7356,7.702990041805602e-05
2.7367,7.574635265017358e-05
2.7376,7.72641486297197e-05
2.7387,7.585075907909593e-05
2.742,7.608891952599297e-05
2.7427,7.782948865469454e-05
2.7429,7.634292867118204e-05
2.7435,7.605827802328791e-05
2.7448,7.653465474717168e-05
2.746,7.678916414073174e-05
2.7462,7.742968116678814e-05
2.7478,7.694595387135201e-05
2.7482,7.563736635791874e-05
2.7489,7.775304655574323e-05
2.7519,7.803856144190839e-05
2.7537,7.824828879727723e-05
2.7588,7.698043102607041e-05
2.761,7.822218785432672e-05
2.7643,7.779969684538827e-05
2.7647,7.783982833727927e-05
2.7663,7.688463349415972e-05
2.7672,7.680133855138373e-05
2.7675,7.741120790665506e-05
2.7695,7.585340968451443e-05
2.7701,7.799487357773811e-05
2.771,7.688325169438502e-05
2.7713,7.73952897070093e-05
2.773,7.81697191843384e-05
2.775,7.772773360493642e-05
2.7751,7.822601144524459e-05
2.7759,7.571131784509548e-05
2.7762,7.545051192592134e-05
2.7787,7.607104088785226e-05
2.7804,7.645715426533578e-05
2.7819,7.663902999478757e-05
2.7838,7.794435913035805e-05
2.7867,7.716548025943894e-05
2.7893,7.776203694068427e-05
2.7924,7.708030767384907e-05
2.7931,7.807985417071434e-05
2.794,7.80360665421152e-05
2.7944,7.717085775621096e-05
2.7946,7.609664878584307e-05
2.7983,7.673961537667545e-05
2.7987,7.660132622167234e-05
2.7999,7.625017328682854e-05
2.8003,7.61671062558391e-05
2.8006,7.747593377160243e-05
2.8013,7.734659688209051e-05
2.8017,7.750598971806691e-05
2.8024,7.875509575337921e-05
2.8037,7.77735806815065e-05
2.8039,7.630074245576134e-05
2.8042,7.819306693268285e-05
2.8093,7.673155926700495e-05
2.8154,7.67106906489136e-05
2.8205,7.625604186987932e-05
2.8251,7.659417106237395e-05
2.8265,7.780325940444752e-05
2.8266,7.799166666225099e-05
2.828,7.722442066598684e-05
2.8284,7.710833316714958e-05
2.8289,7.658935316585615e-05
2.8291,7.657710810533119e-05
2.8299,7.665002155493213e-05
2.8303,7.619142020978737e-05
2.8325,7.600899073781395e-05
2.8336,7.538343244973505e-05
2.8348,7.605602188442158e-05
2.8351,7.720762597953521e-05
2.8398,7.688962512671911e-05
2.8401,7.793851516700426e-05
2.8403,7.653252856138462e-05
2.8413,7.705956105283526e-05
2.8435,7.594790882752297e-05
2.8446,7.491317997488182e-05
2.8448,7.699076799567998e-05
2.8477,7.646070426284994e-05
2.8488,7.700987888022795e-05
2.8512,7.787970120286479e-05
2.8524,7.617687721328874e-05
2.859,7.60857692410419e-05
2.8607,7.827737467884086e-05
2.8608,7.678215551938057e-05
2.8619,7.749109716247793e-05
2.8623,7.400068138073669e-05
2.863,7.491225266154673e-05
2.8638,7.614719593026049e-05
2.865,7.871520980527154e-05
2.8656,7.662716648282253e-05
2.867,7.701518181213312e-05
2.8684,7.634161744453175e-05
2.8703,7.744593619687312e-05
2.8705,7.671640138331202e-05
2.8712,7.623725039352304e-05
2.8715,7.670103527967818e-05
2.8722,7.625017734494328e-05
2.8742,7.733674429035257e-05
2.8747,7.626224751553332e-05
2.8754,7.63418905632312e-05
2.8758,7.647543536712515e-05
2.8769,7.753319212260654e-05
2.8804,7.653935851267416e-05
2.8805,7.627806873878558e-05
2.8811,7.768979913712431e-05
2.8826,7.732893410283287e-05
2.8828,7.791724466866711e-05
2.8839,7.766085616739024e-05
2.8847,7.717401614363324e-05
2.8867,7.787312080594908e-05
2.8874,7.618125482868682e-05
2.891,7.89917365858679e-05
2.8945,7.634428306285306e-05
2.8949,7.749809033981305e-05
2.8955,7.756195134326218e-05
2.8969,7.767803383302542e-05
2.9001,7.656331175053285e-05
2.9044,7.482046065887306e-05
2.9052,7.74347779960699e-05
2.9066,7.79742307688805e-05
2.9074,7.625779087171322e-05
2.908,7.718119833097468e-05
2.9097,7.740808323603673e-05
2.9105,7.804166554465344e-05
2.9145,7.840599961912266e-05
2.9165,7.780090057264877e-05
2.9167,7.874307847621652e-05
2.917,7.628715135023357e-05
2.9183,7.774597981918164e-05
2.9209,7.695121180589116e-05
2.9228,7.757782380881776e-05
2.9229,7.817688771400798e-05
2.9236,7.703395596122391e-05
2.9245,7.836954755870863e-05
2.9247,7.788999416013103e-05
2.9248,7.549509061475681e-05
2.9254,7.613229629196149e-05
2.9261,7.805444822230857e-05
2.9263,7.660689506574878e-05
2.927,7.694340058170738e-05
2.9274,7.767616570006495e-05
2.9278,7.929174786117168e-05
2.9281,7.652642377369014e-05
2.9293,7.700860635075303e-05
2.9305,7.74681823761182e-05
2.9323,7.720634045147474e-05
2.9333,7.656705789611268e-05
2.9337,7.618080987521326e-05
2.9384,7.644094972707656e-05
2.9405,7.668524487688522e-05
2.9436,7.632430826714911e-05
2.9486,7.611480281094074e-05
2.9519,7.521723270349473e-05
2.9535,7.70350863262079e-05
2.9559,7.760933256058487e-05
2.9586,7.649046688823007e-05
2.9609,7.664790229597918e-05
2.9615,7.752136507621181e-05
2.9629,7.607245961750601e-05
2.9639,7.763852957772085e-05
2.9694,7.635590298637583e-05
2.9709,7.759544753431584e-05
2.9719,7.710532281764869e-05
2.9727,7.596542483902204e-05
2.9734,7.739855595557904e-05
2.975,7.590963885429718e-05
2.9751,7.844557051031721e-05
2.9754,7.58478969170875e-05
2.9775,7.668613929855644e-05
2.9776,7.488015875569633e-05
2.9783,7.647030176152348e-05
2.9784,7.811863094352852e-05
2.9785,7.870174554749293e-05
2.9818,7.690358618666719e-05
2.9833,7.524099786012049e-05
2.9848,7.604440742972947e-05
2.9851,7.714784318409391e-05
2.9904,7.671513779900165e-05
2.9914,7.804498927277115e-05
2.9916,7.840024222418642e-05
2.9936,7.514958380738244e-05
2.9953,7.748235987081337e-05
2.9954,7.513433114987194e-05
2.9971,7.486963046365922e-05
2.9974,7.5194978737473e-05
2.9991,7.602621159704392e-05
2.9993,7.546009567523661e-05
2.9998,7.484998961227407e-05
