# T (K), dc/c (x 1e-5)
3.015999999999999792e-01,-0.000000000000000000e+00
3.017000000000000237e-01,-3.687403917862529523e-01
3.018000000000000127e-01,-1.612326491062495148e-01
3.019000000000000017e-01,-2.461590282238929617e-01
3.019999999999999907e-01,-3.391323806058946788e-01
3.020999999999999797e-01,-1.097886345905558780e-01
3.022000000000000242e-01,-2.056336928300860345e-01
3.023000000000000131e-01,-3.012885853639944989e-01
3.024000000000000021e-01,-1.576472138087835206e-01
3.024999999999999911e-01,-1.115414639707868610e-01
3.025999999999999801e-01,-2.765123946212727502e-01
3.027000000000000246e-01,-3.632094935229540078e-01
3.028000000000000136e-01,-1.958990976624799263e-01
3.029000000000000026e-01,-1.502371621194985019e-01
3.029999999999999916e-01,-4.953307263283208139e-01
3.030999999999999805e-01,-2.000238600623899243e-01
3.032000000000000250e-01,-1.595872323056522490e-01
3.033000000000000140e-01,3.972204857391123389e-02
3.034000000000000030e-01,1.376161590455407535e-03
3.034999999999999920e-01,-4.257465049593368023e-01
3.035999999999999810e-01,-4.577104138648625531e-01
3.037000000000000255e-01,-2.474950468686534233e-01
3.038000000000000145e-01,-6.868033068422284282e-02
3.039000000000000035e-01,-2.914308026925492290e-01
3.039999999999999925e-01,2.436263288176174907e-02
3.040999999999999814e-01,-2.800436053506522027e-01
3.042000000000000259e-01,-3.220558538456546605e-01
3.043000000000000149e-01,-2.161231983020123204e-01
3.044000000000000039e-01,-2.004489663868375127e-01
3.044999999999999929e-01,-1.790045583132098828e-01
3.045999999999999819e-01,-3.402408877104922680e-01
3.047000000000000264e-01,-2.988266560794263227e-01
3.048000000000000154e-01,-5.254375736957715981e-01
3.049000000000000044e-01,-5.209750168186193520e-01
3.049999999999999933e-01,1.368886277961032377e-02
3.050999999999999823e-01,-1.937962982275550639e-01
3.052000000000000268e-01,-4.534472663572609585e-01
3.053000000000000158e-01,-6.674848497741602271e-01
3.054000000000000048e-01,-6.478872023329063090e-01
3.054999999999999938e-01,-2.000796452240579115e-01
3.055999999999999828e-01,-2.790170418012945242e-02
3.057000000000000273e-01,-1.290075840284067854e-01
3.058000000000000163e-01,-1.821170693399459806e-01
3.059000000000000052e-01,-1.300294096393157794e-02
3.059999999999999942e-01,1.814304893318213763e-02
3.060999999999999832e-01,-9.290009518887321072e-02
3.062000000000000277e-01,-4.070436027282537395e-01
3.063000000000000167e-01,-3.661195158740802591e-01
3.064000000000000057e-01,-1.620049993528984988e-01
3.064999999999999947e-01,-2.311932911291686987e-01
3.065999999999999837e-01,-2.658000210919607142e-01
3.066999999999999726e-01,-5.770711899479897822e-01
3.068000000000000171e-01,-4.024948741203045466e-01
3.069000000000000061e-01,-2.756175673870224774e-01
3.069999999999999951e-01,-2.151499621914302329e-01
3.070999999999999841e-01,-1.412827828245304118e-01
3.071999999999999731e-01,-3.731505391684538653e-01
3.074000000000000066e-01,-2.979490480049329926e-01
3.074999999999999956e-01,-4.191744737657571163e-01
3.075999999999999845e-01,-3.245777967289574795e-01
3.076999999999999735e-01,-1.697835386395849244e-01
3.079000000000000070e-01,-5.052109198142029634e-02
3.079999999999999960e-01,7.442829735822883985e-02
3.080999999999999850e-01,5.154083812025297973e-02
3.081999999999999740e-01,8.842093787708726893e-02
3.083000000000000185e-01,6.323505422930857101e-02
3.084000000000000075e-01,-7.624444226992342644e-02
3.084999999999999964e-01,-1.956443977760595199e-01
3.085999999999999854e-01,-2.176828580955367520e-01
3.086999999999999744e-01,-3.214489863322513297e-01
3.089000000000000079e-01,-1.777858679876016812e-01
3.089999999999999969e-01,-3.795838752270992988e-01
3.091999999999999749e-01,-3.433694675523003004e-01
3.093000000000000194e-01,-1.395956389056880742e-01
3.094999999999999973e-01,-2.065124488350713883e-01
3.095999999999999863e-01,-2.623326289351431972e-01
3.098000000000000198e-01,-2.782334287172163467e-01
3.099000000000000088e-01,-1.461847075805676466e-01
3.100999999999999868e-01,-3.608340798286939766e-01
3.101999999999999758e-01,-4.556733731696455680e-01
3.103000000000000203e-01,-3.933454339469927286e-01
3.104000000000000092e-01,-9.461819820873185183e-02
3.104999999999999982e-01,-6.393983412531900612e-02
3.105999999999999872e-01,-1.550582070925865807e-01
3.106999999999999762e-01,-1.049308345484273597e-01
3.108000000000000207e-01,-3.291650572050325851e-01
3.109000000000000097e-01,-3.125133382310928409e-01
3.110999999999999877e-01,-4.545648696151595725e-01
3.111999999999999766e-01,-4.706871961486026046e-01
3.113000000000000211e-01,-4.426212807900941071e-01
3.114000000000000101e-01,-2.773663258341012572e-01
3.114999999999999991e-01,-2.125114810677631860e-01
3.115999999999999881e-01,-3.865171371989330473e-01
3.118000000000000216e-01,-6.210698985375422421e-01
3.119999999999999996e-01,-4.951647757692103635e-01
3.120999999999999885e-01,-1.580287981453294965e-01
3.121999999999999775e-01,-2.944141227360268509e-01
3.123000000000000220e-01,-1.389873827224198666e-01
3.124000000000000110e-01,1.118871441022463720e-01
3.125000000000000000e-01,-1.346331563419024269e-01
3.126999999999999780e-01,-1.663760489313504953e-01
3.128000000000000225e-01,-3.043837486314121543e-01
3.129000000000000115e-01,-2.592358713970248640e-01
3.130999999999999894e-01,-1.602494324052464725e-01
3.131999999999999784e-01,-2.158643565306666012e-01
3.134000000000000119e-01,-3.563056971262824058e-01
3.135999999999999899e-01,-3.994562999013514526e-01
3.136999999999999789e-01,-4.314438471579845058e-01
3.139000000000000123e-01,-5.093011531174304052e-01
3.141999999999999793e-01,-2.212711924455502688e-01
3.143000000000000238e-01,-3.052345912922787424e-02
3.145000000000000018e-01,6.725475971210322090e-03
3.148000000000000242e-01,1.438953605459661333e-01
3.149000000000000132e-01,-1.296555905249373308e-01
3.150999999999999912e-01,-2.073590731176220281e-01
3.154000000000000137e-01,6.384146329402491660e-03
3.155000000000000027e-01,4.173468294186525457e-02
3.156999999999999806e-01,3.051800094759551385e-01
3.160999999999999921e-01,1.497050972117845991e-01
3.163000000000000256e-01,7.090575412686209167e-02
3.165000000000000036e-01,-2.389019759124234865e-02
3.170999999999999930e-01,-3.609321474177911160e-01
3.175000000000000044e-01,-3.455764447458757882e-01
3.180000000000000049e-01,-2.892248566280838373e-01
3.195000000000000062e-01,-1.515135538891635159e-01
3.206999999999999851e-01,-2.514458878120733043e-02
3.224000000000000199e-01,-1.326029129128641348e-01
3.276999999999999913e-01,-5.259805954556644875e-02
3.316000000000000059e-01,-2.728583255870269397e-01
3.361000000000000099e-01,-3.866309069790532793e-01
3.469999999999999751e-01,-2.007091201383952028e-01
3.528999999999999915e-01,1.139901952391074447e-02
3.588000000000000078e-01,-8.191499719896813692e-02
3.699000000000000066e-01,-1.532759399532892808e-01
3.748000000000000220e-01,-1.172587309878269923e-01
3.793000000000000260e-01,-1.348267746007414114e-01
3.870999999999999996e-01,-3.027554921412705102e-01
3.905000000000000138e-01,-3.373148583279018120e-01
3.937999999999999834e-01,-3.623404573923749150e-01
3.998999999999999777e-01,-1.244002642693860933e-01
4.027999999999999914e-01,-2.240178111229031988e-01
4.056000000000000161e-01,-3.691755649259205185e-01
4.112000000000000099e-01,-3.204132201335306296e-01
4.139999999999999791e-01,-2.337036067208723700e-01
4.167000000000000148e-01,-3.277788571120392458e-01
4.220999999999999752e-01,-3.536675314624697641e-01
4.247000000000000219e-01,-1.770492472098804670e-01
4.274000000000000021e-01,-1.358269742080583375e-01
4.326999999999999735e-01,-2.543416686436256735e-01
4.353000000000000203e-01,-3.373633398501057479e-01
4.380000000000000004e-01,-3.355082858746798458e-01
4.431999999999999829e-01,-1.427635959338384719e-01
4.457999999999999741e-01,-1.837851346052007950e-01
4.484000000000000208e-01,-2.526083571399890815e-01
4.536999999999999922e-01,-3.443944132659315094e-01
4.562999999999999834e-01,-3.206010846884326804e-01
4.590000000000000191e-01,-3.277013847904691191e-01
4.642000000000000015e-01,-2.971372240908936591e-01
4.668999999999999817e-01,-2.347950340630608479e-01
4.694999999999999729e-01,-4.095621020379185129e-02
4.746000000000000218e-01,-2.543432750488254790e-01
4.771000000000000241e-01,-4.288231663744472844e-01
4.818999999999999950e-01,-3.555395820965118192e-01
4.843000000000000083e-01,-5.063353915354300572e-01
4.865999999999999770e-01,-5.371435958178953918e-01
4.909000000000000030e-01,-5.331447532805431155e-01
4.929999999999999938e-01,-5.622689276446298789e-01
4.950999999999999845e-01,-5.658718233093624761e-01
4.970999999999999863e-01,-4.746646809419526325e-01
5.010000000000000009e-01,-5.776006400724222889e-01
5.029000000000000137e-01,-3.736297552139671851e-01
5.048000000000000265e-01,-5.139364072542654815e-01
5.086000000000000520e-01,-5.608247476683938526e-01
5.104999999999999538e-01,-8.016648525701686179e-01
5.124999999999999556e-01,-7.303026593296094715e-01
5.165999999999999481e-01,-8.698580696859430361e-01
5.187000000000000499e-01,-6.172885696824510493e-01
5.207000000000000517e-01,-6.114707785236225268e-01
5.228000000000000425e-01,-9.037146523837268353e-01
5.268000000000000460e-01,-8.904076543539202193e-01
5.288000000000000478e-01,-7.721720044323674426e-01
5.306999999999999496e-01,-6.495755894224408689e-01
5.343999999999999861e-01,-7.982917902841319968e-01
5.362000000000000099e-01,-7.683720600483011642e-01
5.379000000000000448e-01,-8.804221370853783091e-01
5.412000000000000144e-01,-1.028100171597177148e+00
5.427999999999999492e-01,-9.164870489719892932e-01
5.443000000000000060e-01,-8.515567703294485424e-01
5.472000000000000197e-01,-6.231000741517946917e-01
5.485999999999999766e-01,-6.899927674415030632e-01
5.499000000000000554e-01,-7.945731300580075596e-01
5.512000000000000233e-01,-6.767421535619532191e-01
5.535999999999999810e-01,-9.281291618835072477e-01
5.547999999999999599e-01,-8.088702013977393523e-01
5.558999999999999497e-01,-9.640473737125911935e-01
5.580000000000000515e-01,-1.017963817924049108e+00
5.590000000000000524e-01,-9.461316855368870904e-01
5.598999999999999533e-01,-8.027501550986800849e-01
5.614000000000000101e-01,-8.361528980245805931e-01
5.614999999999999991e-01,-1.203209635801004040e+00
5.615999999999999881e-01,-1.157493150314814256e+00
5.616999999999999771e-01,-1.050538296090892443e+00
5.617999999999999661e-01,-1.378296817765279236e+00
5.618999999999999551e-01,-1.395727309628775892e+00
5.620000000000000551e-01,-1.143094718163259582e+00
5.622000000000000330e-01,-8.907153520064772234e-01
5.623000000000000220e-01,-1.010347289978532404e+00
5.624000000000000110e-01,-9.469224811872040126e-01
5.625000000000000000e-01,-1.261962304346898600e+00
5.626999999999999780e-01,-9.586754849895493535e-01
5.627999999999999670e-01,-1.137204517152900607e+00
5.628999999999999559e-01,-1.144791357863389925e+00
5.629999999999999449e-01,-1.339554557658328982e+00
5.633000000000000229e-01,-1.268059195834708053e+00
5.635000000000000009e-01,-1.210314232982226068e+00
5.636999999999999789e-01,-1.490023033024075794e+00
5.639999999999999458e-01,-7.903868140012861865e-01
5.641000000000000458e-01,-1.215079477438459454e+00
5.642000000000000348e-01,-1.101552023029619409e+00
5.643000000000000238e-01,-1.161323504177288246e+00
5.644000000000000128e-01,-9.977250440147559241e-01
5.645000000000000018e-01,-1.096228818398274907e+00
5.647999999999999687e-01,-1.075645331595161958e+00
5.649999999999999467e-01,-1.182468199502134221e+00
5.652000000000000357e-01,-1.274892277853623579e+00
5.655000000000000027e-01,-1.256632526766966462e+00
5.655999999999999917e-01,-7.336815888032847122e-01
5.657999999999999696e-01,-7.176090992846951844e-01
5.659999999999999476e-01,-1.185318939979774777e+00
5.662000000000000366e-01,-1.120172417661685627e+00
5.664000000000000146e-01,-1.230354008930549359e+00
5.665000000000000036e-01,-1.008385694138886679e+00
5.667999999999999705e-01,-1.319851592009382735e+00
5.669999999999999485e-01,-1.096316358963934867e+00
5.672000000000000375e-01,-1.016241974585111674e+00
5.673000000000000265e-01,-9.736525668483774210e-01
5.674000000000000155e-01,-7.878054630273186865e-01
5.675999999999999934e-01,-9.148261246449659323e-01
5.676999999999999824e-01,-8.067372438230703269e-01
5.678999999999999604e-01,-9.549082211055209823e-01
5.681000000000000494e-01,-1.100143604645551942e+00
5.682000000000000384e-01,-1.111545486586948961e+00
5.684000000000000163e-01,-1.034154943475710464e+00
5.685000000000000053e-01,-1.089686117167957935e+00
5.685999999999999943e-01,-9.711874997664956544e-01
5.687999999999999723e-01,-8.898714207740280324e-01
5.689999999999999503e-01,-1.013051217793560221e+00
5.692000000000000393e-01,-9.910107777747574342e-01
5.694000000000000172e-01,-1.007558000770290452e+00
5.695999999999999952e-01,-1.062895866821853330e+00
5.696999999999999842e-01,-9.478450405766116749e-01
5.698999999999999622e-01,-1.129096703778639021e+00
5.703000000000000291e-01,-1.004519311549947780e+00
5.705999999999999961e-01,-9.568548771963364397e-01
5.707999999999999741e-01,-1.256957914471876325e+00
5.709999999999999520e-01,-9.114021768614641861e-01
5.711000000000000520e-01,-1.073397472353037063e+00
5.712000000000000410e-01,-1.135114360230880193e+00
5.714000000000000190e-01,-1.245477647748979511e+00
5.715999999999999970e-01,-1.173720405334252703e+00
5.717999999999999750e-01,-1.090134907942596598e+00
5.719999999999999529e-01,-9.716954349056919904e-01
5.721000000000000529e-01,-1.268232826659421608e+00
5.722000000000000419e-01,-1.160718418513986272e+00
5.724000000000000199e-01,-1.039072029384701557e+00
5.725000000000000089e-01,-1.386127802658525532e+00
5.725999999999999979e-01,-9.173039056020477755e-01
5.726999999999999869e-01,-1.095135160627722648e+00
5.727999999999999758e-01,-1.084593867366786979e+00
5.728999999999999648e-01,-1.064942603637821339e+00
5.729999999999999538e-01,-1.162038635580124879e+00
5.732000000000000428e-01,-1.245919191362912404e+00
5.733000000000000318e-01,-1.311686152929633753e+00
5.734000000000000208e-01,-1.243407012813330548e+00
5.735000000000000098e-01,-1.109865085717823163e+00
5.735999999999999988e-01,-1.244189677368002567e+00
5.736999999999999877e-01,-1.290729761620917460e+00
5.737999999999999767e-01,-9.522962792245107666e-01
5.738999999999999657e-01,-9.753087248886866956e-01
5.739999999999999547e-01,-7.185530247028406592e-01
5.741000000000000547e-01,-1.319144969872147355e+00
5.745000000000000107e-01,-1.304525762229019392e+00
5.748999999999999666e-01,-1.424526407583473597e+00
5.756999999999999895e-01,-1.414304622462839056e+00
5.762000000000000455e-01,-1.308220940671352084e+00
5.766999999999999904e-01,-1.252336522581786626e+00
5.776000000000000023e-01,-1.052273809241184743e+00
5.780999999999999472e-01,-7.569407946628322614e-01
5.785000000000000142e-01,-9.679656688143818410e-01
5.795000000000000151e-01,-8.886381500428737201e-01
5.799999999999999600e-01,-6.427652071067102568e-01
5.805000000000000160e-01,-7.420323026265194244e-01
5.809999999999999609e-01,-8.562323882320205248e-01
5.818999999999999728e-01,-9.897872483890287620e-01
5.824000000000000288e-01,-9.896259986127584618e-01
5.828999999999999737e-01,-1.025998943859451673e+00
5.838999999999999746e-01,-1.173195735385099248e+00
5.844000000000000306e-01,-9.787288182549255255e-01
5.848999999999999755e-01,-1.069792927795411686e+00
5.859999999999999654e-01,-1.073804517739821662e+00
5.866000000000000103e-01,-9.917929087533599031e-01
5.870999999999999552e-01,-9.911343369030942707e-01
5.880999999999999561e-01,-1.098227550229468052e+00
5.887000000000000011e-01,-1.188450569699381232e+00
5.891999999999999460e-01,-1.375700709559135149e+00
5.903000000000000469e-01,-1.321501710806779917e+00
5.907999999999999918e-01,-1.210569566436562550e+00
5.914000000000000368e-01,-1.130832851081991386e+00
5.925000000000000266e-01,-1.244794034363028601e+00
5.930999999999999606e-01,-1.394396650029948281e+00
5.937000000000000055e-01,-1.010715459948542394e+00
5.947999999999999954e-01,-1.211755855877005628e+00
5.954000000000000403e-01,-1.217513291579242374e+00
5.959999999999999742e-01,-1.252521558295751181e+00
5.970999999999999641e-01,-1.309773815895420856e+00
5.977000000000000091e-01,-1.160348265501665255e+00
5.983000000000000540e-01,-1.392123591804558913e+00
5.994000000000000439e-01,-1.534827083889459542e+00
5.999999999999999778e-01,-1.375980091008360384e+00
6.006000000000000227e-01,-1.134305753463398903e+00
6.018000000000000016e-01,-1.166669114482758784e+00
6.024000000000000465e-01,-1.142172369969431278e+00
6.029999999999999805e-01,-1.179553476932234890e+00
6.042999999999999483e-01,-1.118881632395795078e+00
6.048999999999999932e-01,-9.394786548153890582e-01
6.055000000000000382e-01,-1.185447499857231968e+00
6.067000000000000171e-01,-1.098028881843233773e+00
6.072999999999999510e-01,-1.291014984789308206e+00
6.078999999999999959e-01,-1.356015183484626352e+00
6.089999999999999858e-01,-1.207555786576363088e+00
6.097000000000000197e-01,-1.393981377822550050e+00
6.102999999999999536e-01,-1.366305059629941532e+00
6.115000000000000435e-01,-1.198457823327358618e+00
6.120999999999999774e-01,-1.077441108393323965e+00
6.127000000000000224e-01,-1.143578622915921272e+00
6.139999999999999902e-01,-1.407566804544242656e+00
6.146000000000000352e-01,-1.402308054298064821e+00
6.151999999999999691e-01,-1.512840354694227729e+00
6.163999999999999480e-01,-1.421787447656772674e+00
6.169999999999999929e-01,-1.423394168104607171e+00
6.176000000000000378e-01,-1.334131218837285582e+00
6.187000000000000277e-01,-1.352851534153751922e+00
6.192999999999999616e-01,-1.471179812798897979e+00
6.199000000000000066e-01,-1.254355699544136504e+00
6.206000000000000405e-01,-1.318989403751484879e+00
6.217000000000000304e-01,-1.106621161047751878e+00
6.222999999999999643e-01,-1.256049699773723827e+00
6.229000000000000092e-01,-1.294952505301858681e+00
6.240999999999999881e-01,-1.637786296372297778e+00
6.248000000000000220e-01,-1.726986266492244848e+00
6.252999999999999670e-01,-1.553760842544927412e+00
6.264999999999999458e-01,-1.538659569719647680e+00
6.270999999999999908e-01,-1.474737710368645205e+00
6.277000000000000357e-01,-1.402603736599711493e+00
6.289000000000000146e-01,-1.619271148092988666e+00
6.294999999999999485e-01,-1.517666624870333436e+00
6.300999999999999934e-01,-1.601392063715683767e+00
6.312999999999999723e-01,-1.502096140537406921e+00
6.319000000000000172e-01,-1.508169949703094925e+00
6.323999999999999622e-01,-1.347201518697195510e+00
6.336000000000000520e-01,-1.333761073596677615e+00
6.341999999999999860e-01,-1.615306725288347067e+00
6.348000000000000309e-01,-1.677415063921138927e+00
6.360000000000000098e-01,-1.799030999259133790e+00
6.366000000000000547e-01,-1.685696359452989457e+00
6.370999999999999996e-01,-1.807079661325498243e+00
6.382999999999999785e-01,-1.737815992450546521e+00
6.389000000000000234e-01,-1.800327077529102038e+00
6.393999999999999684e-01,-1.680885113882640391e+00
6.405999999999999472e-01,-1.694433274259526945e+00
6.411000000000000032e-01,-1.740822656963458837e+00
6.417000000000000481e-01,-1.648033361741118030e+00
6.428000000000000380e-01,-1.468942393673122737e+00
6.433999999999999719e-01,-1.426754412231240998e+00
6.440000000000000169e-01,-1.281040330269140881e+00
6.451000000000000068e-01,-1.477350250698419964e+00
6.455999999999999517e-01,-1.663373545385824270e+00
6.461999999999999966e-01,-1.597530674579553445e+00
6.467000000000000526e-01,-1.707305296890643254e+00
6.478000000000000425e-01,-1.707045501537921339e+00
6.482999999999999874e-01,-1.320611719307228649e+00
6.489000000000000323e-01,-1.337577235440540635e+00
6.500000000000000222e-01,-1.468687542502335353e+00
6.505999999999999561e-01,-1.374081465950471870e+00
6.511000000000000121e-01,-1.540488189175396316e+00
6.516999999999999460e-01,-1.431314393546159636e+00
6.526999999999999469e-01,-1.456698751480748566e+00
6.532999999999999918e-01,-1.488102240708162327e+00
6.538000000000000478e-01,-1.582641902129751088e+00
6.548000000000000487e-01,-1.460843174920013254e+00
6.552999999999999936e-01,-1.409134593682122016e+00
6.559000000000000385e-01,-1.367698450125678589e+00
6.569000000000000394e-01,-1.821171264280931235e+00
6.573999999999999844e-01,-1.506141017573975116e+00
6.579000000000000403e-01,-1.523629515197476136e+00
6.590000000000000302e-01,-1.380146969124870227e+00
6.594999999999999751e-01,-1.386525549598879081e+00
6.600000000000000311e-01,-1.576982167542984925e+00
6.611000000000000210e-01,-1.463767611547877712e+00
6.615999999999999659e-01,-1.613093138174261476e+00
6.621000000000000218e-01,-1.588641777694075774e+00
6.625999999999999668e-01,-1.748210561689444109e+00
6.636999999999999567e-01,-1.805022870661368461e+00
6.642000000000000126e-01,-1.941968882842866062e+00
6.646999999999999575e-01,-1.780260769451377234e+00
6.652000000000000135e-01,-1.786526759215280036e+00
6.662000000000000144e-01,-1.963660340816302252e+00
6.666999999999999593e-01,-1.893738618135003993e+00
6.672000000000000153e-01,-1.739094328348273155e+00
6.682000000000000162e-01,-1.567309457655699179e+00
6.686999999999999611e-01,-1.779582628263966848e+00
6.692000000000000171e-01,-1.709385180605899057e+00
6.696999999999999620e-01,-1.760598227661916537e+00
6.706999999999999629e-01,-1.795736006992469935e+00
6.712000000000000188e-01,-1.670076097647684499e+00
6.716999999999999638e-01,-1.695037765017800790e+00
6.726999999999999647e-01,-1.903410344187292713e+00
6.731000000000000316e-01,-1.959666586792783383e+00
6.735999999999999766e-01,-1.903973068751829478e+00
6.744999999999999885e-01,-2.071104503139817865e+00
6.750000000000000444e-01,-1.970079729837368898e+00
6.754999999999999893e-01,-2.149293803754099841e+00
6.764000000000000012e-01,-1.674076358013499854e+00
6.768999999999999462e-01,-1.642337481039257696e+00
6.774000000000000021e-01,-1.900045338471098688e+00
6.778999999999999471e-01,-1.919798296342667854e+00
6.787999999999999590e-01,-1.980750834338729005e+00
6.793000000000000149e-01,-1.947000185404399231e+00
6.797999999999999599e-01,-1.823701101139204361e+00
6.807999999999999607e-01,-1.733791126395109794e+00
6.812000000000000277e-01,-1.874891438012117106e+00
6.816999999999999726e-01,-1.758340599016406491e+00
6.826999999999999735e-01,-1.814063157906968149e+00
6.831000000000000405e-01,-1.843705640263868961e+00
6.835999999999999854e-01,-1.707679357813092658e+00
6.844999999999999973e-01,-1.945750786112561803e+00
6.850000000000000533e-01,-1.967111767949524026e+00
6.854999999999999982e-01,-1.826375040668744232e+00
6.864000000000000101e-01,-1.904731464950275122e+00
6.868999999999999551e-01,-1.858604550495604579e+00
6.873000000000000220e-01,-1.813235614282673103e+00
6.883000000000000229e-01,-1.804596494562097364e+00
6.886999999999999789e-01,-1.625178199604572216e+00
6.892000000000000348e-01,-1.827605534774116025e+00
6.901000000000000467e-01,-2.158423251762391804e+00
6.905000000000000027e-01,-2.250137786025075748e+00
6.909999999999999476e-01,-2.021570338503605679e+00
6.919999999999999485e-01,-2.025543485935951349e+00
6.924000000000000155e-01,-1.959740087148931886e+00
6.928999999999999604e-01,-2.107617607005206395e+00
6.937999999999999723e-01,-2.060855350669845709e+00
6.942000000000000393e-01,-2.073949522455134087e+00
6.946999999999999842e-01,-2.066232341882650925e+00
6.955999999999999961e-01,-2.293110282723989979e+00
6.959999999999999520e-01,-2.349701151567376023e+00
6.965000000000000080e-01,-2.311740217716485191e+00
6.974000000000000199e-01,-2.218579715508009809e+00
6.978999999999999648e-01,-2.137668964501950875e+00
6.984000000000000208e-01,-2.234838795300581715e+00
6.993000000000000327e-01,-1.708245153163182373e+00
6.997999999999999776e-01,-1.987964855000448949e+00
7.002000000000000446e-01,-2.101349502168061267e+00
7.010999999999999455e-01,-2.020090496901395305e+00
7.016000000000000014e-01,-2.023565900800198936e+00
7.019999999999999574e-01,-2.159988433006291952e+00
7.028999999999999693e-01,-2.215854542988917597e+00
7.034000000000000252e-01,-2.275297428006397560e+00
7.037999999999999812e-01,-2.248034970443973712e+00
7.046999999999999931e-01,-2.127889795119648042e+00
7.052000000000000490e-01,-1.902989392699996563e+00
7.056000000000000050e-01,-2.039820142082622745e+00
7.066000000000000059e-01,-1.993701967595946645e+00
7.069999999999999618e-01,-2.018507435431267538e+00
7.075000000000000178e-01,-1.979244320899774534e+00
7.084000000000000297e-01,-2.199324334110908108e+00
7.088999999999999746e-01,-2.102754204983412478e+00
7.093000000000000416e-01,-2.060247175082546178e+00
7.102000000000000535e-01,-2.256765552191369206e+00
7.106999999999999984e-01,-2.258922050856512431e+00
7.110999999999999543e-01,-2.105585296354513858e+00
7.119999999999999662e-01,-2.215763032476316674e+00
7.125000000000000222e-01,-2.184759114083330012e+00
7.128999999999999782e-01,-2.098145881893856757e+00
7.137999999999999901e-01,-2.399014366278261701e+00
7.143000000000000460e-01,-2.414848209827632708e+00
7.147999999999999909e-01,-2.067468250699236787e+00
7.157000000000000028e-01,-2.164138654584414123e+00
7.161999999999999478e-01,-2.281149304479311191e+00
7.167000000000000037e-01,-2.372829875413491774e+00
7.176000000000000156e-01,-2.289528422538887220e+00
7.179999999999999716e-01,-2.284175576254478646e+00
7.185000000000000275e-01,-2.346012360686898557e+00
7.194000000000000394e-01,-2.128162593852773732e+00
7.198999999999999844e-01,-2.216018875541366118e+00
7.203000000000000513e-01,-2.337011578121641620e+00
7.213000000000000522e-01,-2.332917586019565004e+00
7.217000000000000082e-01,-2.292639865475974759e+00
7.221999999999999531e-01,-2.370244157492377379e+00
7.230999999999999650e-01,-2.431729417861315579e+00
7.236000000000000210e-01,-2.234350555454459819e+00
7.239999999999999769e-01,-2.311662277245177144e+00
7.245000000000000329e-01,-2.482690856265342472e+00
7.255000000000000338e-01,-2.263819404748614872e+00
7.258999999999999897e-01,-2.373989248515180783e+00
7.264000000000000457e-01,-2.151109651112059318e+00
7.272999999999999465e-01,-2.239488224421563256e+00
7.278000000000000025e-01,-2.380045620110709415e+00
7.281999999999999584e-01,-2.073524092064435109e+00
7.291999999999999593e-01,-2.254458302112767765e+00
7.297000000000000153e-01,-2.232876283792526895e+00
7.300999999999999712e-01,-2.365506022221591564e+00
7.310999999999999721e-01,-2.650591854178778739e+00
7.316000000000000281e-01,-2.403475541293081275e+00
7.320999999999999730e-01,-2.375835432860099239e+00
7.330999999999999739e-01,-2.316694345556717050e+00
7.335000000000000409e-01,-2.368949927807626477e+00
7.339999999999999858e-01,-2.245067513634703360e+00
7.348999999999999977e-01,-2.220116404135917598e+00
7.354000000000000536e-01,-1.987913762151205077e+00
7.358999999999999986e-01,-2.226747362039991796e+00
7.368000000000000105e-01,-2.313778746224439686e+00
7.372999999999999554e-01,-2.375657555435200408e+00
7.378000000000000114e-01,-2.416015116606541113e+00
7.387000000000000233e-01,-2.332233267128710263e+00
7.391999999999999682e-01,-2.346799763540624806e+00
7.397000000000000242e-01,-2.198714358262539470e+00
7.406000000000000361e-01,-2.487415355772017556e+00
7.410999999999999810e-01,-2.375839955398410641e+00
7.416000000000000369e-01,-2.595643641837533711e+00
7.425000000000000488e-01,-2.693026363330191852e+00
7.429999999999999938e-01,-2.653598424869020089e+00
7.435000000000000497e-01,-2.685292750896780323e+00
7.445000000000000506e-01,-2.478003429479255448e+00
7.449999999999999956e-01,-2.861325522320219861e+00
7.455000000000000515e-01,-2.609432521833918273e+00
7.465000000000000524e-01,-2.666367985587809297e+00
7.469000000000000083e-01,-2.675775387417735907e+00
7.473999999999999533e-01,-2.756903943149221714e+00
7.482999999999999652e-01,-2.549356335111718774e+00
7.487000000000000322e-01,-2.505571501778668608e+00
7.490999999999999881e-01,-2.528732737599472369e+00
7.496000000000000441e-01,-2.569938999841020699e+00
7.504999999999999449e-01,-2.483861895092079664e+00
7.509000000000000119e-01,-2.321508711416162996e+00
7.513999999999999568e-01,-2.255951458373425034e+00
7.522999999999999687e-01,-2.550953159629818057e+00
7.529000000000000137e-01,-2.585338250091911760e+00
7.533999999999999586e-01,-2.353172726047084051e+00
7.543999999999999595e-01,-2.603928372472670727e+00
7.549000000000000155e-01,-2.482982674764221631e+00
7.553999999999999604e-01,-2.480067544675468749e+00
7.564999999999999503e-01,-2.354661507168319456e+00
7.570000000000000062e-01,-2.533123335132152043e+00
7.574999999999999512e-01,-2.458205350195415750e+00
7.584999999999999520e-01,-2.429722212402506631e+00
7.590000000000000080e-01,-2.279818014689271699e+00
7.594999999999999529e-01,-2.502158892886321429e+00
7.600000000000000089e-01,-2.513713839334859479e+00
7.610999999999999988e-01,-2.913985476776705941e+00
7.616000000000000547e-01,-2.857678953472122974e+00
7.620999999999999996e-01,-2.706164877194208174e+00
7.631999999999999895e-01,-2.831220702372927889e+00
7.637000000000000455e-01,-2.782623287946430324e+00
7.642999999999999794e-01,-2.722594041429729383e+00
7.648000000000000353e-01,-2.624036553888569490e+00
7.659000000000000252e-01,-2.493291646574256504e+00
7.663999999999999702e-01,-2.494077928585566983e+00
7.670000000000000151e-01,-2.585076814992453453e+00
7.681000000000000050e-01,-2.513684245055423538e+00
7.691999999999999948e-01,-2.594782799400789930e+00
7.697000000000000508e-01,-2.776127271503616267e+00
7.702999999999999847e-01,-2.629778854292712964e+00
7.713999999999999746e-01,-2.498396923368345401e+00
7.720000000000000195e-01,-2.423587939767084087e+00
7.724999999999999645e-01,-2.711398701829093483e+00
7.737000000000000544e-01,-2.578988930360170073e+00
7.742999999999999883e-01,-2.496858369267275002e+00
7.748000000000000442e-01,-2.724146772277490580e+00
7.760000000000000231e-01,-2.668282869880107988e+00
7.765999999999999570e-01,-2.730992762444719002e+00
7.772000000000000020e-01,-2.647357187907724452e+00
7.783999999999999808e-01,-2.936347368062870888e+00
7.790000000000000258e-01,-2.998211938129023757e+00
7.795999999999999597e-01,-3.096130836568360412e+00
7.808000000000000496e-01,-2.729849029303819119e+00
7.812999999999999945e-01,-2.802243551537825894e+00
7.820000000000000284e-01,-2.710680898412821449e+00
7.832000000000000073e-01,-2.921498288091972650e+00
7.839000000000000412e-01,-3.017557933603456366e+00
7.844999999999999751e-01,-2.945760243290075131e+00
7.856999999999999540e-01,-2.953033709765886528e+00
7.863999999999999879e-01,-2.806216229906711934e+00
7.870000000000000329e-01,-2.785818686914555364e+00
7.883000000000000007e-01,-2.806614466927502605e+00
7.890000000000000346e-01,-2.846530797315184103e+00
7.895999999999999686e-01,-2.620194094204433277e+00
7.910000000000000364e-01,-2.828962071723599259e+00
7.916999999999999593e-01,-2.603813487466822174e+00
7.923999999999999932e-01,-2.621003226184102086e+00
7.931000000000000272e-01,-2.779664390730450130e+00
7.944999999999999840e-01,-2.774561109333915088e+00
7.952000000000000179e-01,-2.975795101438274415e+00
7.959000000000000519e-01,-3.077933314786052144e+00
7.973000000000000087e-01,-3.176305540100992530e+00
7.980000000000000426e-01,-3.075096039788314251e+00
7.986999999999999655e-01,-3.075817407811854309e+00
8.002000000000000224e-01,-3.025443979600837885e+00
8.008999999999999453e-01,-2.842547781098381243e+00
8.015999999999999792e-01,-3.000415070695964026e+00
8.024000000000000021e-01,-3.023787978307301394e+00
8.037999999999999590e-01,-2.996320719818182710e+00
8.045999999999999819e-01,-3.094526896355921153e+00
8.053000000000000158e-01,-3.002656296515328282e+00
8.060000000000000497e-01,-2.772478410265413640e+00
8.074999999999999956e-01,-2.859187276983785608e+00
8.083000000000000185e-01,-3.025431245306229755e+00
8.090000000000000524e-01,-3.225847849394267275e+00
8.104999999999999982e-01,-2.964031396968449972e+00
8.113000000000000211e-01,-3.162427569334560040e+00
8.121000000000000441e-01,-2.988097478425497666e+00
8.135999999999999899e-01,-2.932368412716457762e+00
8.144000000000000128e-01,-3.046866975117473508e+00
8.151000000000000467e-01,-3.080441774321105886e+00
8.166999999999999815e-01,-3.077707794032916500e+00
8.174000000000000155e-01,-3.224201110252778779e+00
8.182000000000000384e-01,-3.269186097317280382e+00
8.197999999999999732e-01,-3.175988255130126614e+00
8.205000000000000071e-01,-2.957890738503315298e+00
8.213000000000000300e-01,-2.755766984066806202e+00
8.227999999999999758e-01,-3.001880266990291091e+00
8.235999999999999988e-01,-3.037789467825688039e+00
8.243000000000000327e-01,-3.004630387195986518e+00
8.257999999999999785e-01,-3.179763531295054513e+00
8.265000000000000124e-01,-3.191208893227868604e+00
8.273000000000000353e-01,-3.111713047153179090e+00
8.287999999999999812e-01,-3.019942763321493029e+00
8.295000000000000151e-01,-3.313919495178080155e+00
8.302000000000000490e-01,-3.500738203519588865e+00
8.316999999999999948e-01,-3.384561607309988229e+00
8.325000000000000178e-01,-3.605568213061426164e+00
8.332000000000000517e-01,-3.552021827676389076e+00
8.346000000000000085e-01,-3.653129195553702413e+00
8.353000000000000425e-01,-3.544931500573385019e+00
8.359999999999999654e-01,-3.314273200963119059e+00
8.374000000000000332e-01,-3.245144644078491236e+00
8.380999999999999561e-01,-3.394167591863161970e+00
8.387999999999999901e-01,-3.190585907805699506e+00
8.400999999999999579e-01,-3.380121765224125330e+00
8.407999999999999918e-01,-3.292404029380902042e+00
8.415000000000000258e-01,-3.540844831263962433e+00
8.427999999999999936e-01,-3.519515485743158312e+00
8.434000000000000385e-01,-3.539579679102391463e+00
8.440999999999999615e-01,-3.704992645727433143e+00
8.453000000000000513e-01,-3.701432811986779203e+00
8.459999999999999742e-01,-3.685645344910252863e+00
8.466000000000000192e-01,-3.831950152038835267e+00
8.477999999999999980e-01,-3.582761349618288627e+00
8.484000000000000430e-01,-3.545224769215351568e+00
8.489999999999999769e-01,-3.797823595062658431e+00
8.501999999999999558e-01,-3.529880306740772689e+00
8.508000000000000007e-01,-3.578962215246045631e+00
8.515000000000000346e-01,-3.376703992844821922e+00
8.526000000000000245e-01,-3.569305900352412575e+00
8.531999999999999584e-01,-3.338390473435069783e+00
8.538000000000000034e-01,-3.206298118796097718e+00
8.548000000000000043e-01,-3.496380300879470937e+00
8.554000000000000492e-01,-3.627446760299125383e+00
8.558999999999999941e-01,-3.807347628592802735e+00
8.568999999999999950e-01,-3.434217969378104307e+00
8.575000000000000400e-01,-3.445032475883494705e+00
8.579999999999999849e-01,-3.208809372725295095e+00
8.585000000000000409e-01,-3.397618394103277595e+00
8.596000000000000307e-01,-3.509165559700106574e+00
8.600999999999999757e-01,-3.585150069055622613e+00
8.606000000000000316e-01,-3.195285314619217054e+00
8.616000000000000325e-01,-3.276218630741197124e+00
8.621999999999999664e-01,-3.241823694414701418e+00
8.627000000000000224e-01,-3.422685421071501199e+00
8.636000000000000343e-01,-3.564923531679145441e+00
8.640999999999999792e-01,-3.519965991133485961e+00
8.645000000000000462e-01,-3.579565421013412241e+00
8.653999999999999471e-01,-3.513468829578823449e+00
8.659000000000000030e-01,-3.554514068794187409e+00
8.663999999999999480e-01,-3.832405739984026116e+00
8.671999999999999709e-01,-3.688696258828650265e+00
8.677000000000000268e-01,-3.537507943390262977e+00
8.681999999999999718e-01,-3.281310269463905804e+00
8.690999999999999837e-01,-3.374042522774991504e+00
8.695000000000000506e-01,-3.563916697919182752e+00
8.699999999999999956e-01,-3.540640439009409057e+00
8.709000000000000075e-01,-3.911183661301159908e+00
8.712999999999999634e-01,-3.890964149372766023e+00
8.717000000000000304e-01,-3.729625220217085424e+00
8.726000000000000423e-01,-3.798099306365513961e+00
8.729999999999999982e-01,-3.770375317524313541e+00
8.733999999999999542e-01,-3.850672028840899763e+00
8.742999999999999661e-01,-3.540068519960787530e+00
8.747000000000000330e-01,-3.607542237997756196e+00
8.750999999999999890e-01,-3.769564054021431687e+00
8.760000000000000009e-01,-3.644566189813349233e+00
8.763999999999999568e-01,-3.954310464756617627e+00
8.768000000000000238e-01,-3.956901811876076369e+00
8.776000000000000467e-01,-3.892452878544454542e+00
8.780999999999999917e-01,-3.884397919614950734e+00
8.783999999999999586e-01,-3.815821132555812234e+00
8.791999999999999815e-01,-3.720790407831377156e+00
8.796000000000000485e-01,-3.947796520886986293e+00
8.800000000000000044e-01,-4.039752437429437570e+00
8.809000000000000163e-01,-4.040748181718977428e+00
8.812999999999999723e-01,-4.299414984092154945e+00
8.817000000000000393e-01,-4.195291145585723136e+00
8.824999999999999512e-01,-4.224839973695267759e+00
8.830000000000000071e-01,-4.208111639828816308e+00
8.832999999999999741e-01,-4.098817477684430166e+00
8.840999999999999970e-01,-3.731523566440791306e+00
8.846000000000000529e-01,-3.608323918697286636e+00
8.850000000000000089e-01,-3.716407618076559061e+00
8.859000000000000208e-01,-3.720590812610362175e+00
8.862999999999999767e-01,-3.884294498897105985e+00
8.870999999999999996e-01,-3.747920570832015574e+00
8.874999999999999556e-01,-3.978181147974496401e+00
8.879000000000000226e-01,-3.872860889053957756e+00
8.887000000000000455e-01,-3.776872486910102911e+00
8.891000000000000014e-01,-3.923718352421092792e+00
8.894999999999999574e-01,-3.648148460762279388e+00
8.902999999999999803e-01,-4.024154107214118703e+00
8.907000000000000473e-01,-4.169604246870772357e+00
8.911999999999999922e-01,-3.812098805555837355e+00
8.920000000000000151e-01,-4.039871098742331412e+00
8.923999999999999710e-01,-3.934387089620872580e+00
8.925999999999999490e-01,-4.181300828895863297e+00
8.927000000000000490e-01,-4.015275222420339851e+00
8.928000000000000380e-01,-3.926118772340156493e+00
8.929000000000000270e-01,-3.996398767203905411e+00
8.930000000000000160e-01,-3.737111180447520109e+00
8.931999999999999940e-01,-4.048220993389957556e+00
8.932999999999999829e-01,-3.706778033545185647e+00
8.933999999999999719e-01,-4.121302376835383363e+00
8.935999999999999499e-01,-3.870446661528859078e+00
8.937000000000000499e-01,-4.030663885560420212e+00
8.938000000000000389e-01,-3.842881949621336890e+00
8.939000000000000279e-01,-4.162076731646906502e+00
8.940000000000000169e-01,-4.043380868647074244e+00
8.944999999999999618e-01,-4.042861915735853628e+00
8.949000000000000288e-01,-4.050443437779243538e+00
8.953999999999999737e-01,-3.980710496423174316e+00
8.963999999999999746e-01,-3.880997948106147177e+00
8.970000000000000195e-01,-4.079952309610397343e+00
8.975999999999999535e-01,-4.153013221338164307e+00
8.989000000000000323e-01,-4.049104541547881020e+00
8.995999999999999552e-01,-4.187535359782986077e+00
9.002000000000000002e-01,-4.133179218644028374e+00
9.015999999999999570e-01,-4.208236470923452544e+00
9.023999999999999799e-01,-4.078201899356567850e+00
9.030000000000000249e-01,-4.145464241992434573e+00
9.043999999999999817e-01,-4.027410480447702668e+00
9.052000000000000046e-01,-3.881152172090186259e+00
9.059000000000000385e-01,-3.924715151762620202e+00
9.072999999999999954e-01,-4.093458865754942444e+00
9.080000000000000293e-01,-4.028281342817832567e+00
9.086999999999999522e-01,-4.039158182502162298e+00
9.102000000000000091e-01,-3.973429096325157506e+00
9.109000000000000430e-01,-4.191112490464429463e+00
9.115999999999999659e-01,-4.369601975640546421e+00
9.130000000000000338e-01,-4.288234779776818328e+00
9.136999999999999567e-01,-4.321695924431267599e+00
9.143999999999999906e-01,-4.430896842437266336e+00
9.159000000000000474e-01,-4.240662457980458377e+00
9.165999999999999703e-01,-4.397024560823075134e+00
9.173000000000000043e-01,-4.382876816306797707e+00
9.186999999999999611e-01,-4.371337408405097769e+00
9.193999999999999950e-01,-4.217598417166644964e+00
9.201000000000000290e-01,-4.429356044465308173e+00
9.214999999999999858e-01,-4.114192826070198983e+00
9.222000000000000197e-01,-3.857236322318694288e+00
9.229000000000000536e-01,-4.109558399294503950e+00
9.243000000000000105e-01,-4.333910485978262450e+00
9.250000000000000444e-01,-4.342139064321447250e+00
9.256999999999999673e-01,-4.456870082298800106e+00
9.272000000000000242e-01,-4.381760696014602274e+00
9.278999999999999471e-01,-4.204744153716330146e+00
9.285999999999999810e-01,-4.212987188813819728e+00
9.301000000000000378e-01,-4.279780358697411025e+00
9.307999999999999607e-01,-4.315989858669103008e+00
9.314999999999999947e-01,-4.425116689677063064e+00
9.321000000000000396e-01,-4.375093112221335900e+00
9.335999999999999854e-01,-4.600382508506968726e+00
9.343000000000000194e-01,-4.563288943438821299e+00
9.350000000000000533e-01,-4.648506358340544153e+00
9.364999999999999991e-01,-4.412264813390978091e+00
9.372000000000000330e-01,-4.399054086334244218e+00
9.378999999999999559e-01,-4.607146268013635471e+00
9.393000000000000238e-01,-4.324726691011743895e+00
9.399999999999999467e-01,-4.452115473909485921e+00
9.406999999999999806e-01,-4.593948588776084918e+00
9.421000000000000485e-01,-4.556630719525201378e+00
9.427999999999999714e-01,-4.517590931448216551e+00
9.435000000000000053e-01,-4.595831466727099190e+00
9.448999999999999622e-01,-4.590948734658649499e+00
9.455999999999999961e-01,-4.600008754438735359e+00
9.463000000000000300e-01,-4.693233409939264966e+00
9.476999999999999869e-01,-4.517036801045064998e+00
9.484000000000000208e-01,-4.460710063204512466e+00
9.491000000000000547e-01,-4.442274889001674332e+00
9.505000000000000115e-01,-4.375898254217269745e+00
9.512000000000000455e-01,-4.346154657987799652e+00
9.519999999999999574e-01,-4.487057069209863691e+00
9.534000000000000252e-01,-4.565002915300026665e+00
9.540999999999999481e-01,-4.723995729149404355e+00
9.547999999999999821e-01,-4.569037565522928723e+00
9.562000000000000499e-01,-4.485349858071000284e+00
9.568999999999999728e-01,-4.453748887950836455e+00
9.576000000000000068e-01,-4.785735135214193470e+00
9.590999999999999526e-01,-4.787770005194782463e+00
9.597999999999999865e-01,-4.808415473248018657e+00
9.605000000000000204e-01,-4.800974421497925526e+00
9.619999999999999662e-01,-4.611118472026289439e+00
9.627000000000000002e-01,-4.552508003466035902e+00
9.634000000000000341e-01,-4.657388911100774465e+00
9.647999999999999909e-01,-4.824961645727822379e+00
9.655000000000000249e-01,-4.766091049036792704e+00
9.663000000000000478e-01,-4.960895918499079293e+00
9.669999999999999707e-01,-4.887212681591057262e+00
9.685000000000000275e-01,-4.885333575794332361e+00
9.691999999999999504e-01,-4.951034291410011612e+00
9.698999999999999844e-01,-4.827289680589736953e+00
9.714000000000000412e-01,-4.922520607861940789e+00
9.720999999999999641e-01,-5.064860034873029271e+00
9.727999999999999980e-01,-5.098947067572689562e+00
9.743000000000000549e-01,-5.179055895556642142e+00
9.749999999999999778e-01,-5.012604735786301724e+00
9.758000000000000007e-01,-4.882146386754929956e+00
9.772999999999999465e-01,-4.740317153171147879e+00
9.779999999999999805e-01,-4.897373820879412420e+00
9.788000000000000034e-01,-4.992364824948761992e+00
9.802999999999999492e-01,-5.243310236936315150e+00
9.810999999999999721e-01,-5.296694082965570871e+00
9.818999999999999950e-01,-5.040033977871506643e+00
9.834000000000000519e-01,-5.101535197633497276e+00
9.841999999999999638e-01,-4.996476509042417469e+00
9.848999999999999977e-01,-5.084034056740817320e+00
9.865000000000000435e-01,-4.868930461075066773e+00
9.871999999999999664e-01,-4.873442751548084928e+00
9.879999999999999893e-01,-5.011688767567211933e+00
9.895000000000000462e-01,-5.181023255599812138e+00
9.902999999999999581e-01,-5.007435520527772965e+00
9.910999999999999810e-01,-5.037146239239890022e+00
9.927000000000000268e-01,-5.087446614652720633e+00
9.942999999999999616e-01,-5.259882324597036529e+00
9.950999999999999845e-01,-5.154260781478235742e+00
9.959000000000000075e-01,-5.183635924244718751e+00
9.976000000000000423e-01,-5.322326630661480706e+00
9.983999999999999542e-01,-5.432037440153393071e+00
9.992999999999999661e-01,-5.453985840884155500e+00
1.000899999999999901e+00,-5.268354498181573753e+00
1.001800000000000024e+00,-5.208520289441730178e+00
1.002599999999999936e+00,-5.095016225257001707e+00
1.004299999999999971e+00,-5.163768094903868899e+00
1.005100000000000104e+00,-4.980063827901082263e+00
1.005900000000000016e+00,-4.982638624092682100e+00
1.007700000000000040e+00,-5.095230902293240050e+00
1.008499999999999952e+00,-5.248364203703212993e+00
1.009400000000000075e+00,-5.336624714127663260e+00
1.011100000000000110e+00,-5.292466052603229443e+00
1.012000000000000011e+00,-5.380240497147360301e+00
1.012799999999999923e+00,-5.362414143995605009e+00
1.014599999999999946e+00,-5.618450416976618733e+00
1.015400000000000080e+00,-5.558731154682561737e+00
1.016299999999999981e+00,-5.482780139031274480e+00
1.018100000000000005e+00,-5.412398125984583253e+00
1.018999999999999906e+00,-5.513657906990173885e+00
1.019900000000000029e+00,-5.408861764070560518e+00
1.021700000000000053e+00,-5.675975881414061952e+00
1.022599999999999953e+00,-5.481459182014067011e+00
1.023600000000000065e+00,-5.663495440531721492e+00
1.025400000000000089e+00,-5.555673270666661168e+00
1.026399999999999979e+00,-5.443907636908194014e+00
1.027300000000000102e+00,-5.238303386362829883e+00
1.029300000000000104e+00,-5.556854442861697052e+00
1.030200000000000005e+00,-5.299688661356211306e+00
1.031099999999999905e+00,-5.404170033310498944e+00
1.032999999999999918e+00,-5.639305719219679602e+00
1.034000000000000030e+00,-5.587366003552678428e+00
1.034999999999999920e+00,-5.594487396731956608e+00
1.036899999999999933e+00,-5.467437565105431219e+00
1.037900000000000045e+00,-5.656041706189846252e+00
1.038899999999999935e+00,-5.909810999562745693e+00
1.040799999999999947e+00,-5.587879966675672883e+00
1.041800000000000059e+00,-5.782061211711555515e+00
1.042799999999999949e+00,-5.622258839021857746e+00
1.044799999999999951e+00,-5.615535800906424235e+00
1.045800000000000063e+00,-5.682292876530879333e+00
1.046899999999999942e+00,-5.636680836672335104e+00
1.048999999999999932e+00,-5.918427365227477033e+00
1.050000000000000044e+00,-5.688598203966574118e+00
1.050999999999999934e+00,-5.687162448126705350e+00
1.053099999999999925e+00,-5.831283410942479151e+00
1.054100000000000037e+00,-5.817508557806626790e+00
1.055199999999999916e+00,-5.977456725290574369e+00
1.057199999999999918e+00,-5.786690369217898144e+00
1.058300000000000018e+00,-5.848946725836926319e+00
1.059399999999999897e+00,-5.739458957846731657e+00
1.061500000000000110e+00,-5.797601102384736471e+00
1.062599999999999989e+00,-5.790419647431003014e+00
1.063600000000000101e+00,-5.819399819502208970e+00
1.065800000000000081e+00,-5.774471673656353055e+00
1.066799999999999971e+00,-5.930748423324592622e+00
1.068000000000000060e+00,-5.946232778816589182e+00
1.068999999999999950e+00,-6.025532367827228342e+00
1.071199999999999930e+00,-5.930432373515222899e+00
1.072300000000000031e+00,-5.943736154367072366e+00
1.073299999999999921e+00,-5.865461758598798703e+00
1.075599999999999890e+00,-6.103246757170480485e+00
1.076600000000000001e+00,-6.190738210516406603e+00
1.077700000000000102e+00,-5.883705351529587624e+00
1.079900000000000082e+00,-5.830641723387412156e+00
1.081099999999999950e+00,-6.054158749048323962e+00
1.082200000000000051e+00,-6.009770468600448723e+00
1.084400000000000031e+00,-6.019992268330577545e+00
1.085499999999999909e+00,-5.954876299420620356e+00
1.086600000000000010e+00,-6.238936516127376208e+00
1.088899999999999979e+00,-6.279995070869329510e+00
1.090100000000000069e+00,-6.075775374181010768e+00
1.092400000000000038e+00,-5.890697788452385453e+00
1.093499999999999917e+00,-6.077466892115065633e+00
1.094600000000000017e+00,-5.894088505415165713e+00
1.096999999999999975e+00,-6.175072581290192097e+00
1.098100000000000076e+00,-5.967516885342855737e+00
1.099199999999999955e+00,-6.195870124028109771e+00
1.101499999999999924e+00,-6.045703833782497760e+00
1.102700000000000014e+00,-6.177510322392379294e+00
1.103900000000000103e+00,-5.913644900837257801e+00
1.106200000000000072e+00,-5.952933113831881506e+00
1.107399999999999940e+00,-5.917908524189440911e+00
1.108500000000000041e+00,-5.929030840627407706e+00
1.110899999999999999e+00,-6.195968919328219471e+00
1.112000000000000099e+00,-5.981474071745898513e+00
1.113199999999999967e+00,-5.837807174833382184e+00
1.115499999999999936e+00,-5.812704908574224838e+00
1.116700000000000026e+00,-5.699956588788718470e+00
1.117899999999999894e+00,-5.750520578940050420e+00
1.120200000000000085e+00,-5.678175799610956531e+00
1.121399999999999952e+00,-5.722571633254573520e+00
1.122600000000000042e+00,-5.451627160612074086e+00
1.125000000000000000e+00,-5.405742415392675859e+00
1.126200000000000090e+00,-5.444341966223090523e+00
1.127399999999999958e+00,-5.442410702481649487e+00
1.129799999999999915e+00,-5.380344435141574344e+00
1.131000000000000005e+00,-5.534479053085337164e+00
1.132100000000000106e+00,-5.249256964768330924e+00
1.134600000000000053e+00,-5.277807638416013525e+00
1.135799999999999921e+00,-5.008994755087447182e+00
1.137000000000000011e+00,-5.023973597208784447e+00
1.139299999999999979e+00,-4.737931217606988987e+00
1.140500000000000069e+00,-4.899423226438015533e+00
1.141699999999999937e+00,-4.894152696574756156e+00
1.143999999999999906e+00,-5.079766280433853254e+00
1.145100000000000007e+00,-4.905741578469370090e+00
1.146300000000000097e+00,-4.837643678158912941e+00
1.148700000000000054e+00,-4.659559592130510630e+00
1.149899999999999922e+00,-4.551457528407295783e+00
1.151100000000000012e+00,-4.745486390987673886e+00
1.153399999999999981e+00,-4.413347712962467639e+00
1.154600000000000071e+00,-4.311625478111845489e+00
1.155699999999999950e+00,-4.315413498252114621e+00
1.157999999999999918e+00,-4.187229431966486892e+00
1.159200000000000008e+00,-3.967223482696184078e+00
1.160300000000000109e+00,-3.956843360693206968e+00
1.162500000000000089e+00,-4.045419976084749791e+00
1.163699999999999957e+00,-4.144158704587992403e+00
1.164800000000000058e+00,-4.035526157706182282e+00
1.167100000000000026e+00,-4.013603308715548934e+00
1.168199999999999905e+00,-3.895106857606145390e+00
1.169300000000000006e+00,-4.058665903586581969e+00
1.171499999999999986e+00,-3.992640843346675794e+00
1.172700000000000076e+00,-3.962282561188247065e+00
1.173699999999999966e+00,-3.769864354629380188e+00
1.175899999999999945e+00,-3.661575865836056654e+00
1.177100000000000035e+00,-3.679869975058451370e+00
1.178199999999999914e+00,-3.431092356031358204e+00
1.180299999999999905e+00,-3.556855864430630731e+00
1.181400000000000006e+00,-3.280701835881592032e+00
1.182500000000000107e+00,-3.131824356804487230e+00
1.184700000000000086e+00,-3.188982663542461182e+00
1.185799999999999965e+00,-3.181278160925538501e+00
1.186900000000000066e+00,-3.139186840946691870e+00
1.189200000000000035e+00,-3.126989988395294517e+00
1.190299999999999914e+00,-2.924790899790520093e+00
1.191400000000000015e+00,-2.858393102471434855e+00
1.193599999999999994e+00,-2.831148590470887960e+00
1.194700000000000095e+00,-2.982043794386266100e+00
1.195899999999999963e+00,-2.963184926223563664e+00
1.198099999999999943e+00,-2.784804071274656234e+00
1.199200000000000044e+00,-3.050664108506396577e+00
1.200399999999999912e+00,-2.862693229434233100e+00
1.202700000000000102e+00,-2.736401243920113746e+00
1.203799999999999981e+00,-2.502837690475877785e+00
1.204800000000000093e+00,-2.715155731781667914e+00
1.205899999999999972e+00,-2.821173158947150483e+00
1.208199999999999941e+00,-2.744029146261781626e+00
1.209300000000000042e+00,-2.325822551174422159e+00
1.210399999999999920e+00,-2.380756220598796435e+00
1.212699999999999889e+00,-2.359294556821900812e+00
1.213899999999999979e+00,-2.464136586661168860e+00
1.215000000000000080e+00,-2.255603357132255127e+00
1.216199999999999948e+00,-1.977551975401682371e+00
1.218499999999999917e+00,-2.012118899261876148e+00
1.219500000000000028e+00,-1.982394300180639224e+00
1.221799999999999997e+00,-2.044337051773908343e+00
1.222900000000000098e+00,-1.997947018104757166e+00
1.225200000000000067e+00,-2.140802103489073183e+00
1.226299999999999946e+00,-2.018429626970811519e+00
1.227500000000000036e+00,-2.110189844576281448e+00
1.229899999999999993e+00,-1.824235506631415316e+00
1.230900000000000105e+00,-1.780506221614160500e+00
1.232099999999999973e+00,-1.743032295610839055e+00
1.234399999999999942e+00,-1.828582662883487364e+00
1.235600000000000032e+00,-1.797554239337732618e+00
1.236799999999999899e+00,-1.722727381185955586e+00
1.239000000000000101e+00,-2.017876787853098097e+00
1.240199999999999969e+00,-2.041185520201219905e+00
1.241300000000000070e+00,-1.850912309183847526e+00
1.243600000000000039e+00,-1.808480927608540734e+00
1.244699999999999918e+00,-1.936334553611978704e+00
1.245900000000000007e+00,-1.675120172854290379e+00
1.248299999999999965e+00,-1.847182096462846479e+00
1.249400000000000066e+00,-1.597063262319398103e+00
1.250499999999999945e+00,-1.571159243608896805e+00
1.252799999999999914e+00,-1.413379572392874595e+00
1.253900000000000015e+00,-1.605215245250582123e+00
1.254999999999999893e+00,-1.205664741236187387e+00
1.257300000000000084e+00,-1.423549631028218077e+00
1.258499999999999952e+00,-1.500966439839054312e+00
1.259600000000000053e+00,-1.492527670185288757e+00
1.262000000000000011e+00,-1.459444856115885480e+00
1.263200000000000101e+00,-1.541816292946734279e+00
1.264299999999999979e+00,-1.198093625379799132e+00
1.266599999999999948e+00,-1.260283766367476410e+00
1.267800000000000038e+00,-1.230480792771722287e+00
1.270100000000000007e+00,-1.353167533461223648e+00
1.271200000000000108e+00,-1.443701757258765594e+00
1.272399999999999975e+00,-1.569561828629090439e+00
1.274699999999999944e+00,-1.170091985455289363e+00
1.275800000000000045e+00,-1.093073063662729494e+00
1.276899999999999924e+00,-1.520473574244223025e+00
1.279099999999999904e+00,-1.612656634340163375e+00
1.280299999999999994e+00,-1.338824758319529407e+00
1.281400000000000095e+00,-1.176385301535575412e+00
1.283700000000000063e+00,-1.097699950025924798e+00
1.284899999999999931e+00,-1.036539585569547173e+00
1.286000000000000032e+00,-9.270718475393353586e-01
1.288300000000000001e+00,-7.891543956005994120e-01
1.289500000000000091e+00,-1.130638402418462141e+00
1.290599999999999969e+00,-1.225750120587964398e+00
1.292799999999999949e+00,-1.105978135222782210e+00
1.294000000000000039e+00,-1.075723943099642366e+00
1.295199999999999907e+00,-9.360104190649954914e-01
1.297400000000000109e+00,-1.130044707175559715e+00
1.298599999999999977e+00,-8.323434528307400715e-01
1.299700000000000077e+00,-6.727863070304018756e-01
1.302000000000000046e+00,-6.183691212506385870e-01
1.303099999999999925e+00,-6.909010516076979913e-01
1.304200000000000026e+00,-8.890976950526665590e-01
1.306400000000000006e+00,-6.980149978763530161e-01
1.307500000000000107e+00,-6.133285304543625305e-01
1.308599999999999985e+00,-5.606788760676578720e-01
1.310899999999999954e+00,-5.113564689620316850e-01
1.312000000000000055e+00,-6.567268618719356299e-01
1.313099999999999934e+00,-6.420304977491431142e-01
1.315299999999999914e+00,-3.952953038308636424e-01
1.316500000000000004e+00,-7.260381502127233322e-01
1.317600000000000104e+00,-6.345073730362792430e-01
1.319900000000000073e+00,-6.563662034054325023e-01
1.321099999999999941e+00,-5.852560754855511416e-01
1.322200000000000042e+00,-4.463550880108796970e-01
1.324400000000000022e+00,-7.496366280118713643e-01
1.325499999999999901e+00,-5.956000808383195011e-01
1.326600000000000001e+00,-5.599096348647171206e-01
1.328699999999999992e+00,-2.341967367326756033e-01
1.329800000000000093e+00,-1.852945579006474719e-01
1.330799999999999983e+00,-2.903633919411601760e-01
1.333099999999999952e+00,-1.881361760941099859e-01
1.334200000000000053e+00,6.511730690765982210e-02
1.335299999999999931e+00,-1.227316988847192425e-01
1.337499999999999911e+00,-2.262097335195513148e-01
1.338600000000000012e+00,-2.498732912713892418e-01
1.339699999999999891e+00,-2.521086221000945482e-01
1.341900000000000093e+00,-1.697258386717777623e-01
1.342899999999999983e+00,-4.298544146550970502e-01
1.344100000000000072e+00,-3.103380148925102278e-01
1.346200000000000063e+00,-3.228302263370451120e-01
1.347399999999999931e+00,-4.713761005771359702e-01
1.348400000000000043e+00,-1.457877703489596222e-01
1.350600000000000023e+00,-2.980772418865063611e-01
1.351699999999999902e+00,-2.507368991223977162e-01
1.352800000000000002e+00,-3.343652807889178069e-01
1.354899999999999993e+00,-3.709802790702364517e-01
1.356000000000000094e+00,-2.732807246619023966e-01
1.357099999999999973e+00,-2.666229383761027361e-01
1.359199999999999964e+00,-9.983047236205699893e-02
1.360300000000000065e+00,1.055100899090971600e-01
1.361299999999999955e+00,-7.751836346150606238e-02
1.363499999999999934e+00,-1.962161707425979368e-02
1.364600000000000035e+00,8.729445857137523024e-02
1.365699999999999914e+00,4.416966288035839572e-03
1.367799999999999905e+00,-1.725552698653501360e-01
1.368900000000000006e+00,-1.127326157909346732e-01
1.370000000000000107e+00,5.115462966848866033e-03
1.372100000000000097e+00,-1.176427003994748033e-01
1.373199999999999976e+00,2.891884878459009545e-01
1.374300000000000077e+00,2.249012248350945598e-01
1.376400000000000068e+00,1.285207618472068714e-01
1.377499999999999947e+00,-2.028432469942291760e-01
1.378600000000000048e+00,-2.763495474775601868e-01
1.380700000000000038e+00,-1.511486825075307738e-01
1.381799999999999917e+00,2.710006664244845598e-01
1.382800000000000029e+00,-1.209950694079295341e-01
1.383899999999999908e+00,-9.106281384806992618e-02
1.385999999999999899e+00,-1.733686508078105537e-02
1.387100000000000000e+00,-4.416560101870407873e-02
1.388200000000000101e+00,-1.698278170646954077e-01
1.390300000000000091e+00,1.426673990093021427e-01
1.391299999999999981e+00,3.915480692507451455e-01
1.394400000000000084e+00,4.593021827592469464e-02
1.395499999999999963e+00,-4.513753816990859202e-02
1.396500000000000075e+00,8.529020609940145270e-02
1.398600000000000065e+00,7.073166462107355335e-02
1.399699999999999944e+00,1.545748893709997795e-01
1.400700000000000056e+00,1.435106385693591946e-01
1.401799999999999935e+00,2.014454703016177184e-01
1.403799999999999937e+00,7.904437919527013134e-02
1.404800000000000049e+00,2.371012441683678085e-01
1.405799999999999939e+00,1.106420974080314923e-01
1.407999999999999918e+00,-1.085943623635454713e-02
1.409000000000000030e+00,1.413373545278281684e-01
1.410099999999999909e+00,-7.962965186470491452e-02
1.412199999999999900e+00,3.502544942636433983e-02
1.413200000000000012e+00,4.770886483671053085e-02
1.414299999999999891e+00,1.755053504058808056e-01
1.416199999999999903e+00,2.001185118303454580e-01
1.417300000000000004e+00,2.484032869739996041e-01
1.418299999999999894e+00,1.167225338898200404e-01
1.420299999999999896e+00,2.718742633320151425e-01
1.421300000000000008e+00,3.480024300437463136e-01
1.422299999999999898e+00,1.431398317330379311e-01
1.424400000000000110e+00,-1.471547586616526321e-02
1.425400000000000000e+00,2.288261566290141213e-01
1.426500000000000101e+00,2.820080296137960629e-01
1.428500000000000103e+00,2.128596434406966886e-01
1.429499999999999993e+00,4.288962250149214173e-01
1.430500000000000105e+00,2.484790054381588453e-01
1.432500000000000107e+00,6.797074411292891583e-02
1.433499999999999996e+00,-3.265288259738253346e-02
1.434600000000000097e+00,-8.370261052803237845e-03
1.436700000000000088e+00,2.329970374020853274e-01
1.437599999999999989e+00,8.801322245752338236e-02
1.438700000000000090e+00,2.821248063290251462e-01
1.440800000000000081e+00,3.583613629166721437e-01
1.441799999999999971e+00,4.883890806765605608e-01
1.442800000000000082e+00,3.737823055211626500e-01
1.444800000000000084e+00,3.344322872489338128e-01
1.445799999999999974e+00,1.629860162405231960e-01
1.446800000000000086e+00,2.929495250978504384e-01
1.448800000000000088e+00,1.247271890878528383e-01
1.449799999999999978e+00,3.084424936963424124e-01
1.450800000000000090e+00,1.943630279677317774e-01
1.452800000000000091e+00,4.076369837319399614e-01
1.453799999999999981e+00,2.530606905467441825e-01
1.454700000000000104e+00,2.550492185066392525e-01
1.456599999999999895e+00,3.592251031420655716e-01
1.457600000000000007e+00,1.592031137927002182e-01
1.458599999999999897e+00,4.821451372585480732e-01
1.460599999999999898e+00,2.310094057864737760e-01
1.461699999999999999e+00,2.964244909540829642e-01
1.462699999999999889e+00,5.141252880137576337e-02
1.464599999999999902e+00,1.718976825397424690e-01
1.465600000000000014e+00,3.072160727482118880e-01
1.466499999999999915e+00,5.390448269345119447e-01
1.468399999999999928e+00,3.554358034590703874e-01
1.469300000000000050e+00,5.758160339686427820e-01
1.470299999999999940e+00,5.920528849254506065e-01
1.472299999999999942e+00,8.060145629133372847e-01
1.473300000000000054e+00,5.658936636772881057e-01
1.474399999999999933e+00,5.071021917422676717e-01
1.476399999999999935e+00,5.816870998497352119e-01
1.477400000000000047e+00,5.353614356435991706e-01
1.478299999999999947e+00,5.718323878184513598e-01
1.480199999999999960e+00,5.200432312669512891e-01
1.481200000000000072e+00,3.331731661732583172e-01
1.482099999999999973e+00,3.706733178059952172e-01
1.483999999999999986e+00,4.428900852916032305e-01
1.484900000000000109e+00,4.972444588341841665e-01
1.485999999999999988e+00,2.163626694332834444e-01
1.487900000000000000e+00,3.407124714077365835e-01
1.488799999999999901e+00,1.700736185907903153e-01
1.489800000000000013e+00,4.177842492066952684e-01
1.491700000000000026e+00,5.977692842530201583e-02
1.492699999999999916e+00,3.074152592300385956e-01
1.493600000000000039e+00,4.419310552132267866e-01
1.495500000000000052e+00,6.939972867887022057e-01
1.496499999999999941e+00,6.792461706567548552e-01
1.497400000000000064e+00,5.112379670303918155e-01
1.499200000000000088e+00,5.271360509827121010e-01
1.500099999999999989e+00,5.447965033939482504e-01
1.501100000000000101e+00,5.654029941556514283e-01
1.502899999999999903e+00,5.785689505265287913e-01
1.503800000000000026e+00,5.507084395821792988e-01
1.504699999999999926e+00,3.912358542265334527e-01
1.506699999999999928e+00,5.847643782596256834e-01
1.507700000000000040e+00,5.809877412885902093e-01
1.508599999999999941e+00,3.498096619366803384e-01
1.510499999999999954e+00,6.221353355521106465e-01
1.511500000000000066e+00,4.221231452373758741e-01
1.512399999999999967e+00,5.749216218657766664e-01
1.514199999999999990e+00,2.860679371073648891e-01
1.515099999999999891e+00,4.447761579776761121e-01
1.516100000000000003e+00,4.362128254920515369e-01
1.518000000000000016e+00,6.946156036108158682e-01
1.518999999999999906e+00,6.070097006998300682e-01
1.519900000000000029e+00,6.437944267316877411e-01
1.521800000000000042e+00,5.051409800021664509e-01
1.522799999999999931e+00,6.368391695558669463e-01
1.523700000000000054e+00,5.962583599039518178e-01
1.525500000000000078e+00,6.896104131220732736e-01
1.526399999999999979e+00,3.919024161964110853e-01
1.527400000000000091e+00,4.514069118697477956e-01
1.529300000000000104e+00,3.519009508670765118e-01
1.530200000000000005e+00,5.101716825682122147e-01
1.531099999999999905e+00,4.596344049847796431e-01
1.532999999999999918e+00,5.097145475412012683e-01
1.533900000000000041e+00,7.260665752218146141e-01
1.534799999999999942e+00,5.933933707710173922e-01
1.536699999999999955e+00,6.132529937438605527e-01
1.537500000000000089e+00,7.058541149352649535e-01
1.539299999999999891e+00,4.768706577154687709e-01
1.540200000000000014e+00,4.539463689700586890e-01
1.541099999999999914e+00,5.802541441454235338e-01
1.542899999999999938e+00,3.073833962004409726e-01
1.543800000000000061e+00,4.160658697551162244e-01
1.544699999999999962e+00,5.574763201893770947e-01
1.546599999999999975e+00,5.255418280727995883e-01
1.547500000000000098e+00,5.385666124476653494e-01
1.548499999999999988e+00,4.663366027492623078e-01
1.550300000000000011e+00,7.877697048317388040e-01
1.551199999999999912e+00,6.233276542750524341e-01
1.552100000000000035e+00,6.994495494444487038e-01
1.553900000000000059e+00,6.598737802588575674e-01
1.554699999999999971e+00,6.281295772009873879e-01
1.555600000000000094e+00,8.154229945724588147e-01
1.557299999999999907e+00,7.825411071861595458e-01
1.558300000000000018e+00,5.921068571389763724e-01
1.559199999999999919e+00,5.526073195594822796e-01
1.560899999999999954e+00,4.338378522086936417e-01
1.561800000000000077e+00,3.421904694827929694e-01
1.562799999999999967e+00,4.021309173807751658e-01
1.563700000000000090e+00,3.611504364424509284e-01
1.565399999999999903e+00,4.136757620491152698e-01
1.566300000000000026e+00,3.000558090109246567e-01
1.567199999999999926e+00,5.071087357266541584e-01
1.569099999999999939e+00,4.018898058506630289e-01
1.570000000000000062e+00,6.004460440241264907e-01
1.570899999999999963e+00,8.026576784805634635e-01
1.572699999999999987e+00,5.929317057766980703e-01
1.573499999999999899e+00,5.719538407439892502e-01
1.574400000000000022e+00,8.083749907864846707e-01
1.576100000000000056e+00,5.864991992687385025e-01
1.576999999999999957e+00,4.773742013038919652e-01
1.577800000000000091e+00,5.792282002728367241e-01
1.579599999999999893e+00,5.595861202307983451e-01
1.580500000000000016e+00,5.590880404384357405e-01
1.581399999999999917e+00,5.353970346328720264e-01
1.583199999999999941e+00,4.326668105512779805e-01
1.584000000000000075e+00,6.476390854852224210e-01
1.584899999999999975e+00,6.591422947182937753e-01
1.586699999999999999e+00,7.101410356961761483e-01
1.587599999999999900e+00,8.126040231977481598e-01
1.588500000000000023e+00,9.208278632863008406e-01
1.590100000000000069e+00,9.386337740900467796e-01
1.590999999999999970e+00,7.309620886430858722e-01
1.591900000000000093e+00,8.873668611519401894e-01
1.593499999999999917e+00,6.384423159602964359e-01
1.594300000000000050e+00,3.491575950327358568e-01
1.595199999999999951e+00,4.951221619147946895e-01
1.596899999999999986e+00,3.732146585574405151e-01
1.597800000000000109e+00,6.586270031559877669e-01
1.598600000000000021e+00,6.834109975383884095e-01
1.600400000000000045e+00,6.133168822774950346e-01
1.601199999999999957e+00,5.812633830777365063e-01
1.602100000000000080e+00,3.082480020844208801e-01
1.603799999999999892e+00,4.093673602765298680e-01
1.604600000000000026e+00,3.699221454905214923e-01
1.605499999999999927e+00,2.824300989873662071e-01
1.607199999999999962e+00,4.497371852895922228e-01
1.608000000000000096e+00,4.021203329653780800e-01
1.608800000000000008e+00,5.124972581190727627e-01
1.610300000000000065e+00,5.131856638643066404e-01
1.610999999999999988e+00,7.303640282482802837e-01
1.611599999999999921e+00,6.718715184112844518e-01
1.613099999999999978e+00,7.036635060385767471e-01
1.613899999999999890e+00,8.937856474900860437e-01
1.614700000000000024e+00,7.616620722109782582e-01
1.616500000000000048e+00,8.540615041113548411e-01
1.617299999999999960e+00,6.780328484237924114e-01
1.618200000000000083e+00,6.973564793407968088e-01
1.619899999999999896e+00,7.055669947768220540e-01
1.620700000000000029e+00,6.477046525903097374e-01
1.621499999999999941e+00,6.499832358504258334e-01
1.623199999999999976e+00,7.635346763777391965e-01
1.624100000000000099e+00,7.153413399033515807e-01
1.625000000000000000e+00,7.823587240863693060e-01
1.626600000000000046e+00,7.430244732338238123e-01
1.627499999999999947e+00,7.540313128959067468e-01
1.628300000000000081e+00,9.107879212231400068e-01
1.629999999999999893e+00,7.651500716675816438e-01
1.630800000000000027e+00,7.650965241714786647e-01
1.631599999999999939e+00,6.236763139308215687e-01
1.633299999999999974e+00,4.110840108096681655e-01
1.634200000000000097e+00,4.201665366693067005e-01
1.635000000000000009e+00,3.333012875475537262e-01
1.636500000000000066e+00,5.680566018445533105e-01
1.637299999999999978e+00,5.217210180676751241e-01
1.638099999999999890e+00,5.737354236633749327e-01
1.639699999999999935e+00,2.813683790907958171e-01
1.640500000000000069e+00,2.781300029890132475e-01
1.641299999999999981e+00,2.860374614203301524e-01
1.643000000000000016e+00,2.718871795783427969e-01
1.643799999999999928e+00,5.681827168977412468e-01
1.644600000000000062e+00,7.878815305665436419e-01
1.646200000000000108e+00,6.684581459382452628e-01
1.647100000000000009e+00,4.685203877827530117e-01
1.647899999999999920e+00,5.288194839302238215e-01
1.649399999999999977e+00,6.217899474041891361e-01
1.650300000000000100e+00,7.170981975502784822e-01
1.651200000000000001e+00,5.601963163338842255e-01
1.652800000000000047e+00,6.137512532021407452e-01
1.653499999999999970e+00,5.232601587101511909e-01
1.654400000000000093e+00,6.562002809129768854e-01
1.656199999999999894e+00,6.127758423167886104e-01
1.656900000000000039e+00,5.500398127652019742e-01
1.657699999999999951e+00,3.107606389212520526e-01
1.659399999999999986e+00,4.033728281361941281e-01
1.660199999999999898e+00,4.196274036431281163e-01
1.660900000000000043e+00,4.427248858469628456e-01
1.662400000000000100e+00,6.996763473520730692e-01
1.663300000000000001e+00,6.163744063511109594e-01
1.664099999999999913e+00,6.733867990770491252e-01
1.665699999999999958e+00,8.937529501582214264e-01
1.666400000000000103e+00,6.661726402947595327e-01
1.667200000000000015e+00,5.474929349131392176e-01
1.668900000000000050e+00,6.597103746247166001e-01
1.669599999999999973e+00,5.959269122738243274e-01
1.670400000000000107e+00,7.935337130839884567e-01
1.671999999999999931e+00,5.066148505820673442e-01
1.672800000000000065e+00,4.332300477909601377e-01
1.673599999999999977e+00,7.128701497219596117e-01
1.675200000000000022e+00,7.969545821041608136e-01
1.676099999999999923e+00,7.077721471584379476e-01
1.676900000000000057e+00,4.349393958336719157e-01
1.678600000000000092e+00,4.903835342778785078e-01
1.679400000000000004e+00,3.499955420031191089e-01
1.680199999999999916e+00,3.433201603083788078e-01
1.681699999999999973e+00,5.173580697571869003e-01
1.682500000000000107e+00,7.034072654074543518e-01
1.683200000000000029e+00,3.215844248770057257e-01
1.684700000000000086e+00,3.645677226851891106e-01
1.685400000000000009e+00,2.660911030015348233e-01
1.686199999999999921e+00,4.159313036896641336e-01
1.687799999999999967e+00,4.126060411136726058e-01
1.688499999999999890e+00,4.933643848430450674e-01
1.689300000000000024e+00,5.228956026848965433e-01
1.690800000000000081e+00,5.500103076074448483e-01
1.691699999999999982e+00,5.151894030241012112e-01
1.692399999999999904e+00,4.754440975815584780e-01
1.694099999999999939e+00,6.134843884907136280e-01
1.694900000000000073e+00,5.533965785118168945e-01
1.695599999999999996e+00,6.239723150273284169e-01
1.697100000000000053e+00,5.776719217581846033e-01
1.697799999999999976e+00,4.502491633502766488e-01
1.698600000000000110e+00,5.150233484471112844e-01
